Primer pair #,Forward primer Sequence (5'->3'),Forward primer Template strand,Forward primer Length,Forward primer Start,Forward primer Stop,Forward primer Tm,Forward primer GC%,Forward primer Self complementarity,Forward primer Self 3' complementarity,Reverse primer Sequence (5'->3'),Reverse primer Template strand,Reverse primer Length,Reverse primer Start,Reverse primer Stop,Reverse primer Tm,Reverse primer GC%,Reverse primer Self complementarity,Reverse primer Self 3' complementarity,Product length,
1,ATTTTAGGGGGCGACCCAAG,Plus,20,871,890,60.03,55.00,6.00,2.00,GAAATCGTCCGCTTACGCAC,Minus,20,1361,1342,59.98,55.00,4.00,3.00,491,
2,AGGCGGTTATTTTAGGGGGC,Plus,20,863,882,60.11,55.00,2.00,2.00,AAATCGGCAAGCCTGGATGA,Minus,20,988,969,60.03,50.00,4.00,3.00,126,
3,GGGCGCCAAGTCTATCTCAA,Plus,20,727,746,59.82,55.00,6.00,0.00,GCCCCCTAAAATAACCGCCT,Minus,20,882,863,60.11,55.00,2.00,0.00,156,
4,CTTCTTGCGGTTGATCGTGC,Plus,20,265,284,60.18,55.00,4.00,2.00,TTGCTGGGGTCTTCCACTTG,Minus,20,359,340,60.18,55.00,3.00,2.00,95,
5,AGCAATTCAAGTGTTCGCGG,Plus,20,355,374,59.76,50.00,5.00,2.00,TAGACTTGGCGCCCATAAGC,Minus,20,740,721,60.18,55.00,6.00,2.00,386,
6,ATCATCCAGGCTTGCCGATT,Plus,20,968,987,59.82,50.00,5.00,3.00,GGGCAACATAGGCACCACTA,Minus,20,1120,1101,59.75,55.00,3.00,2.00,153,
7,CCCACTCTTCTTGCGGTTGA,Plus,20,259,278,60.25,55.00,2.00,1.00,TCCGCGAACACTTGAATTGC,Minus,20,375,356,59.76,50.00,5.00,3.00,117,
8,CGACAGTCGCCTCTATCCTG,Plus,20,198,217,59.69,60.00,7.00,1.00,TCATCGGAGCACGATCAACC,Minus,20,292,273,60.18,55.00,4.00,0.00,95,
9,GCGGAGCGGTAAACGATTTG,Plus,20,371,390,60.25,55.00,4.00,2.00,GTTGTTCCATGCTGTGAGCC,Minus,20,481,462,59.76,55.00,4.00,1.00,111,
10,GCAGAGCGTCCTTTGGTCTA,Plus,20,688,707,59.75,55.00,3.00,2.00,TGCTGTAAAGCGACTGCCTT,Minus,20,966,947,60.25,50.00,6.00,3.00,279,

