Date,Exercise,Type,Exercise Calories,Exercise Minutes,Sets,Reps Per Set,Kilograms,Steps,Note
2023-08-08,Garmin Connect calorie adjustment,Cardio,573.0,1,,,,7574,
2023-08-09,Garmin Connect calorie adjustment,Cardio,828.0,1,,,,19348,
2023-08-10,Garmin Connect calorie adjustment,Cardio,413.0,1,,,,10930,
2023-08-11,Garmin Connect calorie adjustment,Cardio,775.0,1,,,,16759,
2023-08-12,Garmin Connect calorie adjustment,Cardio,317.0,1,,,,10244,
2023-08-13,"""Strength training (weight lifting, weight training)""",Cardio,186.0,37,,,,,
2023-08-13,Garmin Connect calorie adjustment,Cardio,180.0,1,,,,6993,
2023-08-14,"""Walking, 2.5 mph, leisurely pace""",Cardio,225.0,39,,,,,
2023-08-14,"""Walking, 3.5 mph, brisk pace""",Cardio,206.0,27,,,,,
2023-08-14,Garmin Connect calorie adjustment,Cardio,74.0,1,,,,10924,
2023-08-15,Garmin Connect calorie adjustment,Cardio,357.0,1,,,,8075,
2023-08-16,Garmin Connect calorie adjustment,Cardio,734.0,1,,,,15240,
2023-08-17,Garmin Connect calorie adjustment,Cardio,424.0,1,,,,10298,
2023-08-18,"""Walking, 2.5 mph, leisurely pace""",Cardio,245.0,40,,,,,
2023-08-18,Garmin Connect calorie adjustment,Cardio,231.0,1,,,,11175,
2023-08-19,Garmin Connect calorie adjustment,Cardio,312.0,1,,,,12066,
2023-08-20,Garmin Connect calorie adjustment,Cardio,233.0,1,,,,8644,
2023-08-21,"""Strength training (weight lifting, weight training)""",Cardio,253.0,27,,,,,
2023-08-21,Garmin Connect calorie adjustment,Cardio,195.0,1,,,,2737,
2023-08-22,Garmin Connect calorie adjustment,Cardio,165.0,1,,,,5625,
2023-08-23,"""Stair-treadmill ergometer, general""",Cardio,327.0,24,,,,,
2023-08-23,Garmin Connect calorie adjustment,Cardio,94.0,1,,,,5195,
2023-08-24,"""Walking, 3.0 mph, mod. pace""",Cardio,202.0,29,,,,,
2023-08-24,Garmin Connect calorie adjustment,Cardio,456.0,1,,,,12750,
2023-08-25,Garmin Connect calorie adjustment,Cardio,309.0,1,,,,10373,
2023-08-26,"""Stair-treadmill ergometer, general""",Cardio,545.0,41,,,,,
2023-08-26,Garmin Connect calorie adjustment,Cardio,687.0,1,,,,15777,
2023-08-27,"""Stair-treadmill ergometer, general""",Cardio,354.0,30,,,,,
2023-08-27,Garmin Connect calorie adjustment,Cardio,29.0,1,,,,3930,
2023-08-28,Garmin Connect calorie adjustment,Cardio,318.0,1,,,,5996,
2023-08-29,"""Strength training (weight lifting, weight training)""",Cardio,196.0,26,,,,,
2023-08-29,"""Walking, 2.0 mph, slow pace""",Cardio,303.0,58,,,,,
2023-08-29,"""Walking, 3.5 mph, brisk pace""",Cardio,207.0,26,,,,,
2023-08-29,Garmin Connect calorie adjustment,Cardio,0.0,1,,,,10722,
2023-08-30,"""Stair-treadmill ergometer, general""",Cardio,274.0,24,,,,,
2023-08-30,Garmin Connect calorie adjustment,Cardio,170.0,1,,,,8337,
2023-08-31,"""Strength training (weight lifting, weight training)""",Cardio,183.0,32,,,,,
2023-08-31,Garmin Connect calorie adjustment,Cardio,245.0,1,,,,8259,
2023-09-01,"""Stair-treadmill ergometer, general""",Cardio,358.0,24,,,,,
2023-09-01,Garmin Connect calorie adjustment,Cardio,227.0,1,,,,6835,
2023-09-02,Garmin Connect calorie adjustment,Cardio,303.0,1,,,,8808,
2023-09-03,Garmin Connect calorie adjustment,Cardio,456.0,1,,,,10433,
2023-09-04,"""Stair-treadmill ergometer, general""",Cardio,341.0,23,,,,,
2023-09-04,Garmin Connect calorie adjustment,Cardio,173.0,1,,,,6450,
2023-09-05,"""Stair-treadmill ergometer, general""",Cardio,291.0,19,,,,,
2023-09-05,"""Walking, 3.0 mph, mod. pace""",Cardio,212.0,30,,,,,
2023-09-05,Garmin Connect calorie adjustment,Cardio,215.0,1,,,,11425,
2023-09-06,"""Walking, 2.5 mph, leisurely pace""",Cardio,205.0,37,,,,,
2023-09-06,"""Walking, 3.5 mph, brisk pace""",Cardio,150.0,20,,,,,
2023-09-06,Garmin Connect calorie adjustment,Cardio,307.0,1,,,,16683,
2023-09-07,Garmin Connect calorie adjustment,Cardio,225.0,1,,,,8607,
2023-09-08,"""Walking, 3.0 mph, mod. pace""",Cardio,96.0,16,,,,,
2023-09-08,"""Walking, 4.0 mph, very brisk pace""",Cardio,209.0,27,,,,,
2023-09-08,Garmin Connect calorie adjustment,Cardio,196.0,1,,,,14036,
2023-09-09,"""Strength training (weight lifting, weight training)""",Cardio,244.0,41,,,,,
2023-09-09,Garmin Connect calorie adjustment,Cardio,285.0,1,,,,11656,
2023-09-10,"""Stair-treadmill ergometer, general""",Cardio,165.0,20,,,,,
2023-09-10,Garmin Connect calorie adjustment,Cardio,168.0,1,,,,8864,
2023-09-11,"""Strength training (weight lifting, weight training)""",Cardio,155.0,27,,,,,
2023-09-11,Garmin Connect calorie adjustment,Cardio,165.0,1,,,,4568,
2023-09-12,Garmin Connect calorie adjustment,Cardio,165.0,1,,,,6265,
2023-09-13,"""Strength training (weight lifting, weight training)""",Cardio,81.0,15,,,,,
2023-09-13,Garmin Connect calorie adjustment,Cardio,271.0,1,,,,7193,
2023-09-14,"""Stair-treadmill ergometer, general""",Cardio,328.0,26,,,,,
2023-09-14,Garmin Connect calorie adjustment,Cardio,223.0,1,,,,10767,
2023-09-15,"""Strength training (weight lifting, weight training)""",Cardio,117.0,24,,,,,
2023-09-15,Garmin Connect calorie adjustment,Cardio,365.0,1,,,,12187,
2023-09-16,"""Stair-treadmill ergometer, general""",Cardio,374.0,28,,,,,
2023-09-16,Garmin Connect calorie adjustment,Cardio,350.0,1,,,,9866,
2023-09-17,Garmin Connect calorie adjustment,Cardio,250.0,1,,,,7241,
2023-09-18,"""Strength training (weight lifting, weight training)""",Cardio,477.0,60,,,,,
2023-09-18,Garmin Connect calorie adjustment,Cardio,55.0,1,,,,5967,
2023-09-19,"""Walking, 2.5 mph, leisurely pace""",Cardio,194.0,37,,,,,
2023-09-19,"""Walking, 2.5 mph, leisurely pace""",Cardio,240.0,49,,,,,
2023-09-19,Garmin Connect calorie adjustment,Cardio,0.0,1,,,,10568,
2023-09-20,"""Walking, 3.0 mph, mod. pace""",Cardio,186.0,32,,,,,
2023-09-20,"""Walking, 3.0 mph, mod. pace""",Cardio,215.0,30,,,,,
2023-09-20,Garmin Connect calorie adjustment,Cardio,0.0,1,,,,8484,
2023-09-21,Garmin Connect calorie adjustment,Cardio,320.0,1,,,,10923,
2023-09-22,"""Walking, 2.5 mph, leisurely pace""",Cardio,222.0,39,,,,,
2023-09-22,Garmin Connect calorie adjustment,Cardio,209.0,1,,,,11086,
2023-09-23,"""Walking, 3.0 mph, mod. pace""",Cardio,214.0,32,,,,,
2023-09-23,Garmin Connect calorie adjustment,Cardio,248.0,1,,,,14162,
2023-09-24,Garmin Connect calorie adjustment,Cardio,168.0,1,,,,6882,
2023-09-25,"""Running (jogging), 5 mph (12 min mile)""",Cardio,45.0,8,,,,,
2023-09-25,"""Stair-treadmill ergometer, general""",Cardio,67.0,7,,,,,
2023-09-25,"""Walking, 3.0 mph, mod. pace""",Cardio,202.0,33,,,,,
2023-09-25,Garmin Connect calorie adjustment,Cardio,146.0,1,,,,10441,
2023-09-26,"""Walking, 3.0 mph, mod. pace""",Cardio,142.0,21,,,,,
2023-09-26,Garmin Connect calorie adjustment,Cardio,251.0,1,,,,9635,
2023-09-27,"""Walking, 3.5 mph, brisk pace""",Cardio,202.0,28,,,,,
2023-09-27,Garmin Connect calorie adjustment,Cardio,326.0,1,,,,13868,
2023-09-28,"""Walking, 3.5 mph, brisk pace""",Cardio,183.0,26,,,,,
2023-09-28,Garmin Connect calorie adjustment,Cardio,265.0,1,,,,11959,
2023-09-29,"""Strength training (weight lifting, weight training)""",Cardio,281.0,32,,,,,
2023-09-29,Garmin Connect calorie adjustment,Cardio,0.0,1,,,,3048,
2023-09-30,"""Strength training (weight lifting, weight training)""",Cardio,329.0,45,,,,,
2023-09-30,Garmin Connect calorie adjustment,Cardio,532.0,1,,,,13528,
2023-10-01,Garmin Connect calorie adjustment,Cardio,156.0,1,,,,5738,
2023-10-02,Garmin Connect calorie adjustment,Cardio,369.0,1,,,,12072,
2023-10-03,Garmin Connect calorie adjustment,Cardio,532.0,1,,,,13854,
2023-10-04,Garmin Connect calorie adjustment,Cardio,319.0,1,,,,12058,
2023-10-05,Garmin Connect calorie adjustment,Cardio,65.0,1,,,,5545,
2023-10-06,Garmin Connect calorie adjustment,Cardio,476.0,1,,,,12414,
2023-10-07,Garmin Connect calorie adjustment,Cardio,369.0,1,,,,10708,
2023-10-08,Garmin Connect calorie adjustment,Cardio,160.0,1,,,,4896,
2023-10-09,Garmin Connect calorie adjustment,Cardio,95.0,1,,,,3246,
2023-10-10,"""Walking, 2.5 mph, leisurely pace""",Cardio,281.0,55,,,,,
2023-10-10,"""Walking, 3.0 mph, mod. pace""",Cardio,196.0,33,,,,,
2023-10-10,Garmin Connect calorie adjustment,Cardio,0.0,1,,,,9003,
2023-10-11,"""Walking, 3.5 mph, brisk pace""",Cardio,191.0,31,,,,,
2023-10-11,Garmin Connect calorie adjustment,Cardio,95.0,1,,,,9205,
2023-10-12,Garmin Connect calorie adjustment,Cardio,10.0,1,,,,2869,
2023-10-13,Garmin Connect calorie adjustment,Cardio,447.0,1,,,,13317,
2023-10-14,Garmin Connect calorie adjustment,Cardio,868.0,1,,,,22535,
2023-10-15,Garmin Connect calorie adjustment,Cardio,594.0,1,,,,17983,
2023-10-16,"""Walking, 2.5 mph, leisurely pace""",Cardio,224.0,43,,,,,
2023-10-16,Garmin Connect calorie adjustment,Cardio,814.0,1,,,,26518,
2023-10-17,Garmin Connect calorie adjustment,Cardio,579.0,1,,,,16429,
2023-10-18,"""Walking, 2.5 mph, leisurely pace""",Cardio,263.0,47,,,,,
2023-10-18,"""Walking, 3.0 mph, mod. pace""",Cardio,202.0,29,,,,,
2023-10-18,Garmin Connect calorie adjustment,Cardio,82.0,1,,,,14276,
2023-10-19,Garmin Connect calorie adjustment,Cardio,194.0,1,,,,7840,
2023-10-20,"""Stair-treadmill ergometer, general""",Cardio,173.0,17,,,,,
2023-10-20,Garmin Connect calorie adjustment,Cardio,241.0,1,,,,6026,
2023-10-21,Garmin Connect calorie adjustment,Cardio,326.0,1,,,,7811,
2023-10-22,Garmin Connect calorie adjustment,Cardio,404.0,1,,,,12453,
2023-10-23,"""Strength training (weight lifting, weight training)""",Cardio,124.0,26,,,,,
2023-10-23,"""Walking, 3.5 mph, brisk pace""",Cardio,216.0,27,,,,,
2023-10-23,"""Walking, 4.0 mph, very brisk pace""",Cardio,79.0,22,,,,,
2023-10-23,Garmin Connect calorie adjustment,Cardio,172.0,1,,,,13103,
2023-10-24,"""Strength training (weight lifting, weight training)""",Cardio,368.0,55,,,,,
2023-10-24,Garmin Connect calorie adjustment,Cardio,237.0,1,,,,10011,
2023-10-25,"""Walking, 3.5 mph, brisk pace""",Cardio,191.0,27,,,,,
2023-10-25,Garmin Connect calorie adjustment,Cardio,204.0,1,,,,8929,
2023-10-26,Garmin Connect calorie adjustment,Cardio,390.0,1,,,,7127,
2023-10-27,"""Strength training (weight lifting, weight training)""",Cardio,243.0,29,,,,,
2023-10-27,Garmin Connect calorie adjustment,Cardio,477.0,1,,,,12670,
2023-10-28,Garmin Connect calorie adjustment,Cardio,688.0,1,,,,15892,
2023-10-29,"""Strength training (weight lifting, weight training)""",Cardio,332.0,40,,,,,
2023-10-29,Garmin Connect calorie adjustment,Cardio,106.0,1,,,,8974,
2023-10-30,"""Strength training (weight lifting, weight training)""",Cardio,214.0,33,,,,,
2023-10-30,Garmin Connect calorie adjustment,Cardio,815.0,1,,,,17576,
2023-10-31,"""Strength training (weight lifting, weight training)""",Cardio,160.0,26,,,,,
2023-10-31,Garmin Connect calorie adjustment,Cardio,392.0,1,,,,10567,
2023-11-01,"""Stair-treadmill ergometer, general""",Cardio,496.0,41,,,,,
2023-11-01,Garmin Connect calorie adjustment,Cardio,79.0,1,,,,5461,
2023-11-02,"""Strength training (weight lifting, weight training)""",Cardio,222.0,27,,,,,
2023-11-02,"""Walking, 2.0 mph, slow pace""",Cardio,337.0,55,,,,,
2023-11-02,"""Walking, 3.0 mph, mod. pace""",Cardio,180.0,28,,,,,
2023-11-02,"""Walking, 3.5 mph, brisk pace""",Cardio,211.0,29,,,,,
2023-11-02,Garmin Connect calorie adjustment,Cardio,390.0,1,,,,19398,
2023-11-03,"""Strength training (weight lifting, weight training)""",Cardio,366.0,36,,,,,
2023-11-03,Garmin Connect calorie adjustment,Cardio,331.0,1,,,,9926,
2023-11-04,"""Stair-treadmill ergometer, general""",Cardio,387.0,27,,,,,
2023-11-04,Garmin Connect calorie adjustment,Cardio,765.0,1,,,,13584,
2023-11-05,Garmin Connect calorie adjustment,Cardio,296.0,1,,,,6915,
2023-11-06,"""Strength training (weight lifting, weight training)""",Cardio,196.0,32,,,,,
2023-11-06,"""Walking, 3.0 mph, mod. pace""",Cardio,197.0,34,,,,,
2023-11-06,Garmin Connect calorie adjustment,Cardio,326.0,1,,,,15818,
2023-11-07,Garmin Connect calorie adjustment,Cardio,494.0,1,,,,12775,
2023-11-08,"""Walking, 3.5 mph, brisk pace""",Cardio,198.0,29,,,,,
2023-11-08,Garmin Connect calorie adjustment,Cardio,288.0,1,,,,17066,
2023-11-09,Garmin Connect calorie adjustment,Cardio,474.0,1,,,,10082,
2023-11-10,Garmin Connect calorie adjustment,Cardio,534.0,1,,,,13577,
2023-11-11,Garmin Connect calorie adjustment,Cardio,289.0,1,,,,5809,
2023-11-12,"""Strength training (weight lifting, weight training)""",Cardio,201.0,39,,,,,
2023-11-12,Garmin Connect calorie adjustment,Cardio,403.0,1,,,,9997,
2023-11-13,"""Strength training (weight lifting, weight training)""",Cardio,207.0,24,,,,,
2023-11-13,"""Walking, 3.5 mph, brisk pace""",Cardio,196.0,28,,,,,
2023-11-13,Garmin Connect calorie adjustment,Cardio,53.0,1,,,,9029,
2023-11-14,Garmin Connect calorie adjustment,Cardio,612.0,1,,,,11973,
2023-11-15,Garmin Connect calorie adjustment,Cardio,617.0,1,,,,9733,
2023-11-16,Garmin Connect calorie adjustment,Cardio,248.0,1,,,,5837,
2023-11-17,Garmin Connect calorie adjustment,Cardio,673.0,1,,,,10812,
2023-11-18,Garmin Connect calorie adjustment,Cardio,415.0,1,,,,9965,
2023-11-19,"""Strength training (weight lifting, weight training)""",Cardio,378.0,41,,,,,
2023-11-19,Garmin Connect calorie adjustment,Cardio,349.0,1,,,,7669,
2023-11-20,Garmin Connect calorie adjustment,Cardio,318.0,1,,,,7616,
2023-11-21,"""Walking, 3.0 mph, mod. pace""",Cardio,181.0,30,,,,,
2023-11-21,"""Walking, 3.0 mph, mod. pace""",Cardio,192.0,31,,,,,
2023-11-21,"""Walking, 3.5 mph, brisk pace""",Cardio,191.0,26,,,,,
2023-11-21,Garmin Connect calorie adjustment,Cardio,232.0,1,,,,17247,
2023-11-22,"""Stair-treadmill ergometer, general""",Cardio,397.0,26,,,,,
2023-11-22,Garmin Connect calorie adjustment,Cardio,285.0,1,,,,7651,
2023-11-23,Garmin Connect calorie adjustment,Cardio,270.0,1,,,,6897,
2023-11-24,Garmin Connect calorie adjustment,Cardio,163.0,1,,,,4837,
2023-11-25,"""Strength training (weight lifting, weight training)""",Cardio,376.0,43,,,,,
2023-11-25,Garmin Connect calorie adjustment,Cardio,511.0,1,,,,17587,
2023-11-26,"""Walking, 2.5 mph, leisurely pace""",Cardio,134.0,23,,,,,
2023-11-26,Elliptical Trainer,Cardio,327.0,29,,,,,
2023-11-26,Garmin Connect calorie adjustment,Cardio,274.0,1,,,,10461,
2023-11-27,"""Stair-treadmill ergometer, general""",Cardio,363.0,24,,,,,
2023-11-27,"""Walking, 3.0 mph, mod. pace""",Cardio,403.0,63,,,,,
2023-11-27,Garmin Connect calorie adjustment,Cardio,285.0,1,,,,11300,
2023-11-28,"""Running (jogging), 5 mph (12 min mile)""",Cardio,69.0,22,,,,,
2023-11-28,"""Walking, 2.5 mph, leisurely pace""",Cardio,251.0,39,,,,,
2023-11-28,"""Walking, 3.0 mph, mod. pace""",Cardio,199.0,32,,,,,
2023-11-28,Garmin Connect calorie adjustment,Cardio,336.0,1,,,,13802,
2023-11-29,Garmin Connect calorie adjustment,Cardio,296.0,1,,,,7801,
2023-11-30,Garmin Connect calorie adjustment,Cardio,690.0,1,,,,12705,
2023-12-01,Garmin Connect calorie adjustment,Cardio,214.0,1,,,,7835,
2023-12-02,Garmin Connect calorie adjustment,Cardio,392.0,1,,,,10075,
2023-12-03,"""Strength training (weight lifting, weight training)""",Cardio,545.0,53,,,,,
2023-12-03,Garmin Connect calorie adjustment,Cardio,187.0,1,,,,9968,
2023-12-04,Garmin Connect calorie adjustment,Cardio,130.0,1,,,,3827,
2023-12-05,Garmin Connect calorie adjustment,Cardio,186.0,1,,,,6233,
2023-12-06,Garmin Connect calorie adjustment,Cardio,459.0,1,,,,11044,
2023-12-07,Garmin Connect calorie adjustment,Cardio,380.0,1,,,,11105,
2023-12-08,Garmin Connect calorie adjustment,Cardio,263.0,1,,,,6641,
2023-12-09,Garmin Connect calorie adjustment,Cardio,656.0,1,,,,12640,
2023-12-10,Garmin Connect calorie adjustment,Cardio,590.0,1,,,,12831,
2023-12-11,"""Strength training (weight lifting, weight training)""",Cardio,303.0,42,,,,,
2023-12-11,Garmin Connect calorie adjustment,Cardio,166.0,1,,,,4852,
2023-12-12,"""Strength training (weight lifting, weight training)""",Cardio,364.0,39,,,,,
2023-12-12,Garmin Connect calorie adjustment,Cardio,270.0,1,,,,6331,
2023-12-13,"""Strength training (weight lifting, weight training)""",Cardio,462.0,66,,,,,
2023-12-13,Garmin Connect calorie adjustment,Cardio,100.0,1,,,,8291,
2023-12-14,"""Stair-treadmill ergometer, general""",Cardio,315.0,25,,,,,
2023-12-14,Garmin Connect calorie adjustment,Cardio,420.0,1,,,,7186,
2023-12-15,"""Strength training (weight lifting, weight training)""",Cardio,310.0,60,,,,,
2023-12-15,"""Walking, 3.5 mph, brisk pace""",Cardio,201.0,27,,,,,
2023-12-15,Garmin Connect calorie adjustment,Cardio,251.0,1,,,,12089,
2023-12-16,Garmin Connect calorie adjustment,Cardio,488.0,1,,,,12747,
2023-12-17,"""Strength training (weight lifting, weight training)""",Cardio,450.0,51,,,,,
2023-12-17,Garmin Connect calorie adjustment,Cardio,416.0,1,,,,10212,
2023-12-18,"""Strength training (weight lifting, weight training)""",Cardio,388.0,47,,,,,
2023-12-18,Garmin Connect calorie adjustment,Cardio,132.0,1,,,,3574,
2023-12-19,"""Running (jogging), 5 mph (12 min mile)""",Cardio,28.0,15,,,,,
2023-12-19,"""Stair-treadmill ergometer, general""",Cardio,185.0,14,,,,,
2023-12-19,Garmin Connect calorie adjustment,Cardio,593.0,1,,,,14076,
2023-12-20,"""Strength training (weight lifting, weight training)""",Cardio,260.0,35,,,,,
2023-12-20,Garmin Connect calorie adjustment,Cardio,261.0,1,,,,10637,
2023-12-21,"""Strength training (weight lifting, weight training)""",Cardio,408.0,37,,,,,
2023-12-21,Garmin Connect calorie adjustment,Cardio,327.0,1,,,,6598,
2023-12-22,"""Strength training (weight lifting, weight training)""",Cardio,268.0,33,,,,,
2023-12-22,Garmin Connect calorie adjustment,Cardio,271.0,1,,,,7287,
2023-12-23,Garmin Connect calorie adjustment,Cardio,537.0,1,,,,12232,
2023-12-24,"""Strength training (weight lifting, weight training)""",Cardio,453.0,42,,,,,
2023-12-24,Garmin Connect calorie adjustment,Cardio,229.0,1,,,,9194,
2023-12-25,Garmin Connect calorie adjustment,Cardio,261.0,1,,,,8595,
2023-12-26,"""Strength training (weight lifting, weight training)""",Cardio,62.0,5,,,,,
2023-12-26,Garmin Connect calorie adjustment,Cardio,763.0,1,,,,14136,
2023-12-27,Garmin Connect calorie adjustment,Cardio,280.0,1,,,,5405,
2023-12-28,"""Strength training (weight lifting, weight training)""",Cardio,710.0,71,,,,,
2023-12-28,Garmin Connect calorie adjustment,Cardio,751.0,1,,,,16511,
2023-12-29,Garmin Connect calorie adjustment,Cardio,680.0,1,,,,15244,
2023-12-30,Garmin Connect calorie adjustment,Cardio,372.0,1,,,,9692,
2023-12-31,Garmin Connect calorie adjustment,Cardio,995.0,1,,,,22217,
2024-01-01,Garmin Connect calorie adjustment,Cardio,296.0,1,,,,10085,
2024-01-02,Garmin Connect calorie adjustment,Cardio,257.0,1,,,,6308,
2024-01-03,"""Strength training (weight lifting, weight training)""",Cardio,506.0,55,,,,,
2024-01-03,Garmin Connect calorie adjustment,Cardio,136.0,1,,,,6522,
2024-01-04,"""Strength training (weight lifting, weight training)""",Cardio,326.0,35,,,,,
2024-01-04,Garmin Connect calorie adjustment,Cardio,332.0,1,,,,11758,
2024-01-05,"""Stair-treadmill ergometer, general""",Cardio,344.0,23,,,,,
2024-01-05,Garmin Connect calorie adjustment,Cardio,399.0,1,,,,8269,
2024-01-06,Garmin Connect calorie adjustment,Cardio,549.0,1,,,,10361,
2024-01-07,Garmin Connect calorie adjustment,Cardio,0.0,1,,,,74,
2024-01-08,Garmin Connect calorie adjustment,Cardio,125.0,1,,,,4514,
2024-01-09,"""Strength training (weight lifting, weight training)""",Cardio,500.0,52,,,,,
2024-01-09,Garmin Connect calorie adjustment,Cardio,314.0,1,,,,8576,
2024-01-10,"""Strength training (weight lifting, weight training)""",Cardio,205.0,24,,,,,
2024-01-10,Garmin Connect calorie adjustment,Cardio,0.0,1,,,,2162,
2024-01-11,Garmin Connect calorie adjustment,Cardio,171.0,1,,,,3968,
2024-01-12,Garmin Connect calorie adjustment,Cardio,351.0,1,,,,5875,
2024-01-13,Garmin Connect calorie adjustment,Cardio,179.0,1,,,,5401,
2024-01-14,Garmin Connect calorie adjustment,Cardio,484.0,1,,,,10302,
2024-01-15,Garmin Connect calorie adjustment,Cardio,229.0,1,,,,6669,
2024-01-16,"""Strength training (weight lifting, weight training)""",Cardio,159.0,21,,,,,
2024-01-16,Garmin Connect calorie adjustment,Cardio,270.0,1,,,,8734,
2024-01-17,"""Strength training (weight lifting, weight training)""",Cardio,285.0,34,,,,,
2024-01-17,Garmin Connect calorie adjustment,Cardio,240.0,1,,,,6252,
2024-01-18,"""Strength training (weight lifting, weight training)""",Cardio,500.0,49,,,,,
2024-01-18,"""Walking, 3.0 mph, mod. pace""",Cardio,179.0,28,,,,,
2024-01-18,Garmin Connect calorie adjustment,Cardio,381.0,1,,,,12077,
2024-01-19,"""Stair-treadmill ergometer, general""",Cardio,364.0,24,,,,,
2024-01-19,Garmin Connect calorie adjustment,Cardio,527.0,1,,,,12135,
2024-01-20,Garmin Connect calorie adjustment,Cardio,303.0,1,,,,7101,
2024-01-21,"""Strength training (weight lifting, weight training)""",Cardio,521.0,57,,,,,
2024-01-21,Garmin Connect calorie adjustment,Cardio,375.0,1,,,,11405,
2024-01-22,Garmin Connect calorie adjustment,Cardio,110.0,1,,,,3549,
2024-01-23,"""Walking, 3.5 mph, brisk pace""",Cardio,168.0,25,,,,,
2024-01-23,Garmin Connect calorie adjustment,Cardio,293.0,1,,,,13086,
2024-01-24,Garmin Connect calorie adjustment,Cardio,30.0,1,,,,2188,
2024-01-25,Garmin Connect calorie adjustment,Cardio,192.0,1,,,,4481,
2024-01-26,"""Strength training (weight lifting, weight training)""",Cardio,417.0,41,,,,,
2024-01-26,Garmin Connect calorie adjustment,Cardio,280.0,1,,,,9097,
2024-01-27,"""Running (jogging), 5 mph (12 min mile)""",Cardio,341.0,34,,,,,
2024-01-27,"""Stair-treadmill ergometer, general""",Cardio,143.0,12,,,,,
2024-01-27,Garmin Connect calorie adjustment,Cardio,878.0,1,,,,22116,
2024-01-28,"""Strength training (weight lifting, weight training)""",Cardio,216.0,38,,,,,
2024-01-28,Garmin Connect calorie adjustment,Cardio,175.0,1,,,,6128,
2024-01-29,Garmin Connect calorie adjustment,Cardio,287.0,1,,,,6313,
2024-01-30,Garmin Connect calorie adjustment,Cardio,335.0,1,,,,7854,
2024-01-31,"""Strength training (weight lifting, weight training)""",Cardio,477.0,48,,,,,
2024-01-31,Garmin Connect calorie adjustment,Cardio,359.0,1,,,,9356,
2024-02-01,"""Strength training (weight lifting, weight training)""",Cardio,448.0,45,,,,,
2024-02-01,Garmin Connect calorie adjustment,Cardio,115.0,1,,,,4165,
2024-02-02,Garmin Connect calorie adjustment,Cardio,355.0,1,,,,8671,
2024-02-03,"""Running (jogging), 5 mph (12 min mile)""",Cardio,274.0,41,,,,,
2024-02-03,Garmin Connect calorie adjustment,Cardio,40.0,1,,,,4881,
2024-02-04,"""Strength training (weight lifting, weight training)""",Cardio,540.0,61,,,,,
2024-02-04,Garmin Connect calorie adjustment,Cardio,320.0,1,,,,8390,
2024-02-05,"""Strength training (weight lifting, weight training)""",Cardio,380.0,48,,,,,
2024-02-05,Garmin Connect calorie adjustment,Cardio,57.0,1,,,,4699,
2024-02-06,"""Running (jogging), 5 mph (12 min mile)""",Cardio,84.0,25,,,,,
2024-02-06,"""Walking, 2.5 mph, leisurely pace""",Cardio,159.0,39,,,,,
2024-02-06,Garmin Connect calorie adjustment,Cardio,230.0,1,,,,14674,
2024-02-07,"""Strength training (weight lifting, weight training)""",Cardio,656.0,55,,,,,
2024-02-07,Garmin Connect calorie adjustment,Cardio,272.0,1,,,,9726,
2024-02-08,"""Running (jogging), 5 mph (12 min mile)""",Cardio,220.0,17,,,,,
2024-02-08,"""Strength training (weight lifting, weight training)""",Cardio,235.0,30,,,,,
2024-02-08,Garmin Connect calorie adjustment,Cardio,170.0,1,,,,7109,
2024-02-09,"""Strength training (weight lifting, weight training)""",Cardio,249.0,33,,,,,
2024-02-09,Garmin Connect calorie adjustment,Cardio,55.0,1,,,,3632,
2024-02-10,Garmin Connect calorie adjustment,Cardio,419.0,1,,,,12424,
2024-02-11,"""Strength training (weight lifting, weight training)""",Cardio,278.0,47,,,,,
2024-02-11,Garmin Connect calorie adjustment,Cardio,35.0,1,,,,3761,
2024-02-12,Garmin Connect calorie adjustment,Cardio,362.0,1,,,,4519,
2024-02-13,Garmin Connect calorie adjustment,Cardio,616.0,1,,,,12507,
2024-02-14,Garmin Connect calorie adjustment,Cardio,345.0,1,,,,9154,
2024-02-15,Garmin Connect calorie adjustment,Cardio,621.0,1,,,,5843,
2024-02-16,Garmin Connect calorie adjustment,Cardio,422.0,1,,,,12009,
2024-02-17,Garmin Connect calorie adjustment,Cardio,481.0,1,,,,10182,
2024-02-18,Garmin Connect calorie adjustment,Cardio,568.0,1,,,,18362,
2024-02-19,Garmin Connect calorie adjustment,Cardio,269.0,1,,,,9072,
2024-02-20,Garmin Connect calorie adjustment,Cardio,410.0,1,,,,6637,
2024-02-21,Garmin Connect calorie adjustment,Cardio,260.0,1,,,,6215,
2024-02-22,Garmin Connect calorie adjustment,Cardio,199.0,1,,,,4413,
2024-02-23,Garmin Connect calorie adjustment,Cardio,320.0,1,,,,7103,
2024-02-24,Garmin Connect calorie adjustment,Cardio,364.0,1,,,,8371,
2024-02-25,Garmin Connect calorie adjustment,Cardio,253.0,1,,,,6153,
2024-02-26,Garmin Connect calorie adjustment,Cardio,244.0,1,,,,5618,
2024-02-27,Garmin Connect calorie adjustment,Cardio,474.0,1,,,,9272,
2024-02-28,Garmin Connect calorie adjustment,Cardio,276.0,1,,,,7487,
2024-02-29,Garmin Connect calorie adjustment,Cardio,0.0,1,,,,8490,
2024-03-01,"""Strength training (weight lifting, weight training)""",Cardio,508.0,59,,,,,
2024-03-01,Garmin Connect calorie adjustment,Cardio,655.0,1,,,,12194,
2024-03-02,Garmin Connect calorie adjustment,Cardio,721.0,1,,,,11641,
2024-03-03,Garmin Connect calorie adjustment,Cardio,333.0,1,,,,4680,
2024-03-04,"""Running (jogging), 5 mph (12 min mile)""",Cardio,109.0,14,,,,,
2024-03-04,"""Stair-treadmill ergometer, general""",Cardio,203.0,14,,,,,
2024-03-04,Garmin Connect calorie adjustment,Cardio,242.0,1,,,,8040,
2024-03-05,"""Strength training (weight lifting, weight training)""",Cardio,681.0,54,,,,,
2024-03-05,"""Walking, 2.5 mph, leisurely pace""",Cardio,535.0,88,,,,,
2024-03-05,"""Walking, 3.5 mph, brisk pace""",Cardio,159.0,18,,,,,
2024-03-05,Garmin Connect calorie adjustment,Cardio,388.0,1,,,,17643,
2024-03-06,"""Walking, 3.5 mph, brisk pace""",Cardio,205.0,28,,,,,
2024-03-06,"""Walking, 3.5 mph, brisk pace""",Cardio,261.0,36,,,,,
2024-03-06,Garmin Connect calorie adjustment,Cardio,0.0,1,,,,8138,
2024-03-07,"""Strength training (weight lifting, weight training)""",Cardio,526.0,58,,,,,
2024-03-07,Garmin Connect calorie adjustment,Cardio,319.0,1,,,,11887,
2024-03-08,"""Strength training (weight lifting, weight training)""",Cardio,788.0,70,,,,,
2024-03-08,Garmin Connect calorie adjustment,Cardio,345.0,1,,,,9078,
2024-03-09,Garmin Connect calorie adjustment,Cardio,491.0,1,,,,13259,
2024-03-10,Garmin Connect calorie adjustment,Cardio,124.0,1,,,,3914,
2024-03-11,"""Stair-treadmill ergometer, general""",Cardio,452.0,30,,,,,
2024-03-11,Garmin Connect calorie adjustment,Cardio,142.0,1,,,,3842,
2024-03-12,Garmin Connect calorie adjustment,Cardio,320.0,1,,,,8300,
2024-03-13,"""Strength training (weight lifting, weight training)""",Cardio,828.0,69,,,,,
2024-03-13,Garmin Connect calorie adjustment,Cardio,116.0,1,,,,7549,
2024-03-14,"""Strength training (weight lifting, weight training)""",Cardio,348.0,32,,,,,
2024-03-14,Garmin Connect calorie adjustment,Cardio,417.0,1,,,,10213,
2024-03-15,Garmin Connect calorie adjustment,Cardio,182.0,1,,,,4131,
2024-03-16,"""Strength training (weight lifting, weight training)""",Cardio,766.0,76,,,,,
2024-03-16,Garmin Connect calorie adjustment,Cardio,650.0,1,,,,18871,
2024-03-17,Garmin Connect calorie adjustment,Cardio,200.0,1,,,,7121,
2024-03-18,"""Stair-treadmill ergometer, general""",Cardio,391.0,23,,,,,
2024-03-18,Garmin Connect calorie adjustment,Cardio,426.0,1,,,,9929,
2024-03-19,"""Strength training (weight lifting, weight training)""",Cardio,723.0,52,,,,,
2024-03-19,Garmin Connect calorie adjustment,Cardio,163.0,1,,,,7930,
2024-03-20,"""Strength training (weight lifting, weight training)""",Cardio,488.0,38,,,,,
2024-03-20,Garmin Connect calorie adjustment,Cardio,306.0,1,,,,6546,
2024-03-21,"""Strength training (weight lifting, weight training)""",Cardio,245.0,35,,,,,
2024-03-21,Garmin Connect calorie adjustment,Cardio,4.0,1,,,,2558,
2024-03-22,"""Stair-treadmill ergometer, general""",Cardio,332.0,23,,,,,
2024-03-22,Garmin Connect calorie adjustment,Cardio,307.0,1,,,,7031,
2024-03-23,"""Strength training (weight lifting, weight training)""",Cardio,449.0,40,,,,,
2024-03-23,Garmin Connect calorie adjustment,Cardio,811.0,1,,,,17154,
2024-03-24,Garmin Connect calorie adjustment,Cardio,312.0,1,,,,4046,
2024-03-25,"""Strength training (weight lifting, weight training)""",Cardio,368.0,36,,,,,
2024-03-25,Garmin Connect calorie adjustment,Cardio,190.0,1,,,,6798,
2024-03-26,"""Bicycling, <10 mph, leisure (cycling, biking, bike riding)""",Cardio,241.0,23,,,,,
2024-03-26,"""Strength training (weight lifting, weight training)""",Cardio,442.0,41,,,,,
2024-03-26,Garmin Connect calorie adjustment,Cardio,299.0,1,,,,7561,
2024-03-27,"""Stair-treadmill ergometer, general""",Cardio,380.0,24,,,,,
2024-03-27,Garmin Connect calorie adjustment,Cardio,681.0,1,,,,11335,
2024-03-28,"""Strength training (weight lifting, weight training)""",Cardio,810.0,70,,,,,
2024-03-28,Garmin Connect calorie adjustment,Cardio,27.0,1,,,,4976,
2024-03-29,"""Strength training (weight lifting, weight training)""",Cardio,308.0,33,,,,,
2024-03-29,Garmin Connect calorie adjustment,Cardio,372.0,1,,,,8915,
2024-03-30,"""Strength training (weight lifting, weight training)""",Cardio,547.0,47,,,,,
2024-03-30,"""Strength training (weight lifting, weight training)""",Cardio,547.0,47,,,,,
2024-03-30,Garmin Connect calorie adjustment,Cardio,0.0,1,,,,15693,
2024-03-31,Garmin Connect calorie adjustment,Cardio,550.0,1,,,,7613,
2024-04-01,"""Strength training (weight lifting, weight training)""",Cardio,828.0,71,,,,,
2024-04-01,Garmin Connect calorie adjustment,Cardio,145.0,1,,,,6668,
2024-04-02,"""Bicycling, <10 mph, leisure (cycling, biking, bike riding)""",Cardio,144.0,16,,,,,
2024-04-02,"""Bicycling, <10 mph, leisure (cycling, biking, bike riding)""",Cardio,133.0,12,,,,,
2024-04-02,Garmin Connect calorie adjustment,Cardio,296.0,1,,,,7382,
2024-04-03,"""Strength training (weight lifting, weight training)""",Cardio,425.0,42,,,,,
2024-04-03,Garmin Connect calorie adjustment,Cardio,276.0,1,,,,7251,
2024-04-04,"""Bicycling, <10 mph, leisure (cycling, biking, bike riding)""",Cardio,129.0,11,,,,,
2024-04-04,"""Strength training (weight lifting, weight training)""",Cardio,259.0,23,,,,,
2024-04-04,Garmin Connect calorie adjustment,Cardio,657.0,1,,,,14537,
2024-04-05,"""Strength training (weight lifting, weight training)""",Cardio,671.0,58,,,,,
2024-04-05,Garmin Connect calorie adjustment,Cardio,274.0,1,,,,7548,
2024-04-06,Garmin Connect calorie adjustment,Cardio,685.0,1,,,,13118,
2024-04-07,Garmin Connect calorie adjustment,Cardio,1021.0,1,,,,22822,
2024-04-08,Garmin Connect calorie adjustment,Cardio,452.0,1,,,,10376,
2024-04-09,Garmin Connect calorie adjustment,Cardio,812.0,1,,,,18756,
2024-04-10,Garmin Connect calorie adjustment,Cardio,734.0,1,,,,13833,
2024-04-11,Garmin Connect calorie adjustment,Cardio,471.0,1,,,,10698,
2024-04-12,Garmin Connect calorie adjustment,Cardio,663.0,1,,,,13669,
2024-04-13,Garmin Connect calorie adjustment,Cardio,397.0,1,,,,11058,
2024-04-14,"""Strength training (weight lifting, weight training)""",Cardio,360.0,41,,,,,
2024-04-14,Garmin Connect calorie adjustment,Cardio,428.0,1,,,,15913,
2024-04-15,"""Strength training (weight lifting, weight training)""",Cardio,231.0,32,,,,,
2024-04-15,Garmin Connect calorie adjustment,Cardio,19.0,1,,,,3449,
2024-04-16,"""Bicycling, <10 mph, leisure (cycling, biking, bike riding)""",Cardio,301.0,24,,,,,
2024-04-16,"""Bicycling, <10 mph, leisure (cycling, biking, bike riding)""",Cardio,262.0,17,,,,,
2024-04-16,"""Bicycling, <10 mph, leisure (cycling, biking, bike riding)""",Cardio,93.0,15,,,,,
2024-04-16,"""Bicycling, <10 mph, leisure (cycling, biking, bike riding)""",Cardio,320.0,27,,,,,
2024-04-16,Garmin Connect calorie adjustment,Cardio,641.0,1,,,,11955,
2024-04-17,"""Strength training (weight lifting, weight training)""",Cardio,515.0,44,,,,,
2024-04-17,Garmin Connect calorie adjustment,Cardio,378.0,1,,,,10505,
2024-04-18,"""Strength training (weight lifting, weight training)""",Cardio,351.0,32,,,,,
2024-04-18,Garmin Connect calorie adjustment,Cardio,189.0,1,,,,7216,
2024-04-19,"""Strength training (weight lifting, weight training)""",Cardio,536.0,55,,,,,
2024-04-19,Garmin Connect calorie adjustment,Cardio,316.0,1,,,,9687,
2024-04-20,"""Strength training (weight lifting, weight training)""",Cardio,610.0,55,,,,,
2024-04-20,Garmin Connect calorie adjustment,Cardio,73.0,1,,,,3582,
2024-04-21,Garmin Connect calorie adjustment,Cardio,638.0,1,,,,15962,
2024-04-22,"""Bicycling, <10 mph, leisure (cycling, biking, bike riding)""",Cardio,148.0,30,,,,,
2024-04-22,"""Bicycling, <10 mph, leisure (cycling, biking, bike riding)""",Cardio,142.0,16,,,,,
2024-04-22,"""Running (jogging), 5 mph (12 min mile)""",Cardio,280.0,22,,,,,
2024-04-22,"""Stair-treadmill ergometer, general""",Cardio,95.0,6,,,,,
2024-04-22,Garmin Connect calorie adjustment,Cardio,339.0,1,,,,10933,
2024-04-23,Garmin Connect calorie adjustment,Cardio,410.0,1,,,,7486,
2024-04-24,Garmin Connect calorie adjustment,Cardio,499.0,1,,,,10989,
2024-04-25,Garmin Connect calorie adjustment,Cardio,20.0,1,,,,1228,
2024-04-26,Garmin Connect calorie adjustment,Cardio,267.0,1,,,,7260,
2024-04-27,Garmin Connect calorie adjustment,Cardio,327.0,1,,,,6711,
2024-04-28,Garmin Connect calorie adjustment,Cardio,503.0,1,,,,11276,
2024-04-29,"""Bicycling, <10 mph, leisure (cycling, biking, bike riding)""",Cardio,215.0,21,,,,,
2024-04-29,"""Stair-treadmill ergometer, general""",Cardio,341.0,23,,,,,
2024-04-29,Garmin Connect calorie adjustment,Cardio,296.0,1,,,,7976,
2024-04-30,"""Bicycling, <10 mph, leisure (cycling, biking, bike riding)""",Cardio,172.0,25,,,,,
2024-04-30,"""Strength training (weight lifting, weight training)""",Cardio,307.0,45,,,,,
2024-04-30,Garmin Connect calorie adjustment,Cardio,95.0,1,,,,6940,
2024-05-01,"""Strength training (weight lifting, weight training)""",Cardio,477.0,43,,,,,
2024-05-01,Garmin Connect calorie adjustment,Cardio,59.0,1,,,,6971,
2024-05-02,"""Bicycling, <10 mph, leisure (cycling, biking, bike riding)""",Cardio,210.0,41,,,,,
2024-05-02,"""Bicycling, <10 mph, leisure (cycling, biking, bike riding)""",Cardio,65.0,10,,,,,
2024-05-02,"""Running (jogging), 5 mph (12 min mile)""",Cardio,170.0,12,,,,,
2024-05-02,"""Stair-treadmill ergometer, general""",Cardio,242.0,16,,,,,
2024-05-02,Garmin Connect calorie adjustment,Cardio,360.0,1,,,,12025,
2024-05-03,"""Strength training (weight lifting, weight training)""",Cardio,624.0,68,,,,,
2024-05-03,Garmin Connect calorie adjustment,Cardio,158.0,1,,,,8668,
2024-05-04,"""Strength training (weight lifting, weight training)""",Cardio,527.0,50,,,,,
2024-05-04,Garmin Connect calorie adjustment,Cardio,754.0,1,,,,18915,
2024-05-05,"""Strength training (weight lifting, weight training)""",Cardio,207.0,36,,,,,
2024-05-05,Garmin Connect calorie adjustment,Cardio,0.0,1,,,,5043,
2024-05-06,"""Bicycling, <10 mph, leisure (cycling, biking, bike riding)""",Cardio,103.0,14,,,,,
2024-05-06,"""Bicycling, <10 mph, leisure (cycling, biking, bike riding)""",Cardio,119.0,14,,,,,
2024-05-06,Garmin Connect calorie adjustment,Cardio,292.0,1,,,,9612,
2024-05-07,"""Bicycling, <10 mph, leisure (cycling, biking, bike riding)""",Cardio,128.0,20,,,,,
2024-05-07,"""Bicycling, <10 mph, leisure (cycling, biking, bike riding)""",Cardio,92.0,12,,,,,
2024-05-07,"""Strength training (weight lifting, weight training)""",Cardio,476.0,53,,,,,
2024-05-07,Garmin Connect calorie adjustment,Cardio,0.0,1,,,,5264,
2024-05-08,Garmin Connect calorie adjustment,Cardio,197.0,1,,,,4266,
2024-05-09,"""Stair-treadmill ergometer, general""",Cardio,437.0,31,,,,,
2024-05-09,Garmin Connect calorie adjustment,Cardio,177.0,1,,,,5166,
2024-05-10,Garmin Connect calorie adjustment,Cardio,409.0,1,,,,9387,
2024-05-11,Garmin Connect calorie adjustment,Cardio,403.0,1,,,,11178,
2024-05-12,Garmin Connect calorie adjustment,Cardio,27.0,1,,,,1133,
2024-05-13,"""Bicycling, <10 mph, leisure (cycling, biking, bike riding)""",Cardio,201.0,33,,,,,
2024-05-13,"""Strength training (weight lifting, weight training)""",Cardio,393.0,32,,,,,
2024-05-13,Garmin Connect calorie adjustment,Cardio,156.0,1,,,,6332,
2024-05-14,"""Bicycling, <10 mph, leisure (cycling, biking, bike riding)""",Cardio,40.0,7,,,,,
2024-05-14,"""Stair-treadmill ergometer, general""",Cardio,262.0,18,,,,,
2024-05-14,Garmin Connect calorie adjustment,Cardio,285.0,1,,,,7198,
2024-05-15,Garmin Connect calorie adjustment,Cardio,162.0,1,,,,5666,
2024-05-16,"""Strength training (weight lifting, weight training)""",Cardio,200.0,26,,,,,
2024-05-16,Garmin Connect calorie adjustment,Cardio,404.0,1,,,,13224,
2024-05-17,"""Bicycling, <10 mph, leisure (cycling, biking, bike riding)""",Cardio,307.0,29,,,,,
2024-05-17,"""Strength training (weight lifting, weight training)""",Cardio,198.0,29,,,,,
2024-05-17,Garmin Connect calorie adjustment,Cardio,289.0,1,,,,10901,
2024-05-18,"""Strength training (weight lifting, weight training)""",Cardio,427.0,56,,,,,
2024-05-18,Garmin Connect calorie adjustment,Cardio,373.0,1,,,,12483,
2024-05-19,"""Strength training (weight lifting, weight training)""",Cardio,437.0,58,,,,,
2024-05-19,Garmin Connect calorie adjustment,Cardio,158.0,1,,,,7993,
2024-05-20,"""Running (jogging), 5 mph (12 min mile)""",Cardio,75.0,9,,,,,
2024-05-20,Garmin Connect calorie adjustment,Cardio,576.0,1,,,,12029,
2024-05-21,"""Strength training (weight lifting, weight training)""",Cardio,551.0,62,,,,,
2024-05-21,Garmin Connect calorie adjustment,Cardio,63.0,1,,,,6170,
2024-05-22,Garmin Connect calorie adjustment,Cardio,138.0,1,,,,5635,
2024-05-23,"""Bicycling, <10 mph, leisure (cycling, biking, bike riding)""",Cardio,193.0,39,,,,,
2024-05-23,Garmin Connect calorie adjustment,Cardio,286.0,1,,,,11282,
2024-05-24,Garmin Connect calorie adjustment,Cardio,205.0,1,,,,5591,
2024-05-25,Garmin Connect calorie adjustment,Cardio,720.0,1,,,,17252,
2024-05-26,Garmin Connect calorie adjustment,Cardio,408.0,1,,,,10407,
2024-05-27,"""Strength training (weight lifting, weight training)""",Cardio,453.0,48,,,,,
2024-05-27,Garmin Connect calorie adjustment,Cardio,92.0,1,,,,3716,
2024-05-28,"""Strength training (weight lifting, weight training)""",Cardio,356.0,51,,,,,
2024-05-28,Garmin Connect calorie adjustment,Cardio,287.0,1,,,,7546,
2024-05-29,"""Strength training (weight lifting, weight training)""",Cardio,294.0,41,,,,,
2024-05-29,Garmin Connect calorie adjustment,Cardio,1.0,1,,,,3398,
2024-05-30,"""Strength training (weight lifting, weight training)""",Cardio,237.0,31,,,,,
2024-05-30,Garmin Connect calorie adjustment,Cardio,398.0,1,,,,7002,
2024-05-31,Garmin Connect calorie adjustment,Cardio,442.0,1,,,,11815,
2024-06-01,Garmin Connect calorie adjustment,Cardio,400.0,1,,,,10607,
2024-06-02,"""Stair-treadmill ergometer, general""",Cardio,490.0,44,,,,,
2024-06-02,Garmin Connect calorie adjustment,Cardio,426.0,1,,,,10587,
2024-06-03,"""Strength training (weight lifting, weight training)""",Cardio,490.0,55,,,,,
2024-06-03,Garmin Connect calorie adjustment,Cardio,6.0,1,,,,4552,
2024-06-04,"""Strength training (weight lifting, weight training)""",Cardio,316.0,39,,,,,
2024-06-04,Garmin Connect calorie adjustment,Cardio,437.0,1,,,,8772,
2024-06-05,"""Bicycling, <10 mph, leisure (cycling, biking, bike riding)""",Cardio,111.0,14,,,,,
2024-06-05,"""Strength training (weight lifting, weight training)""",Cardio,506.0,59,,,,,
2024-06-05,Garmin Connect calorie adjustment,Cardio,211.0,1,,,,8285,
2024-06-06,"""Strength training (weight lifting, weight training)""",Cardio,290.0,42,,,,,
2024-06-06,"""Walking, 3.5 mph, brisk pace""",Cardio,204.0,25,,,,,
2024-06-06,Garmin Connect calorie adjustment,Cardio,116.0,1,,,,9814,
2024-06-07,"""Stair-treadmill ergometer, general""",Cardio,340.0,23,,,,,
2024-06-07,Garmin Connect calorie adjustment,Cardio,661.0,1,,,,9885,
2024-06-08,Garmin Connect calorie adjustment,Cardio,539.0,1,,,,15337,
2024-06-09,Garmin Connect calorie adjustment,Cardio,104.0,1,,,,3538,
2024-06-10,"""Bicycling, <10 mph, leisure (cycling, biking, bike riding)""",Cardio,223.0,28,,,,,
2024-06-10,"""Strength training (weight lifting, weight training)""",Cardio,407.0,44,,,,,
2024-06-10,Garmin Connect calorie adjustment,Cardio,292.0,1,,,,9439,
2024-06-11,"""Strength training (weight lifting, weight training)""",Cardio,380.0,48,,,,,
2024-06-11,Garmin Connect calorie adjustment,Cardio,608.0,1,,,,15674,
2024-06-12,"""Running (jogging), 5 mph (12 min mile)""",Cardio,301.0,26,,,,,
2024-06-12,Garmin Connect calorie adjustment,Cardio,376.0,1,,,,10712,
2024-06-13,"""Strength training (weight lifting, weight training)""",Cardio,232.0,33,,,,,
2024-06-13,Garmin Connect calorie adjustment,Cardio,333.0,1,,,,11187,
2024-06-14,Garmin Connect calorie adjustment,Cardio,65.0,1,,,,3250,
2024-06-15,Garmin Connect calorie adjustment,Cardio,380.0,1,,,,9150,
2024-06-16,"""Strength training (weight lifting, weight training)""",Cardio,345.0,48,,,,,
2024-06-16,Garmin Connect calorie adjustment,Cardio,106.0,1,,,,6577,
2024-06-17,Garmin Connect calorie adjustment,Cardio,183.0,1,,,,6191,
2024-06-18,"""Strength training (weight lifting, weight training)""",Cardio,177.0,31,,,,,
2024-06-18,Garmin Connect calorie adjustment,Cardio,97.0,1,,,,5168,
2024-06-19,Garmin Connect calorie adjustment,Cardio,506.0,1,,,,13162,
2024-06-20,Garmin Connect calorie adjustment,Cardio,549.0,1,,,,13169,
2024-06-21,Garmin Connect calorie adjustment,Cardio,890.0,1,,,,21903,
2024-06-22,Garmin Connect calorie adjustment,Cardio,975.0,1,,,,24579,
2024-06-23,"""Strength training (weight lifting, weight training)""",Cardio,335.0,41,,,,,
2024-06-23,Garmin Connect calorie adjustment,Cardio,521.0,1,,,,13320,
2024-06-24,Garmin Connect calorie adjustment,Cardio,347.0,1,,,,6755,
2024-06-25,"""Strength training (weight lifting, weight training)""",Cardio,352.0,40,,,,,
2024-06-25,Garmin Connect calorie adjustment,Cardio,502.0,1,,,,11415,
2024-06-26,Garmin Connect calorie adjustment,Cardio,235.0,1,,,,9610,
2024-06-27,"""Strength training (weight lifting, weight training)""",Cardio,514.0,57,,,,,
2024-06-27,Garmin Connect calorie adjustment,Cardio,129.0,1,,,,7453,
2024-06-28,Garmin Connect calorie adjustment,Cardio,666.0,1,,,,10225,
2024-06-29,Garmin Connect calorie adjustment,Cardio,903.0,1,,,,15036,
2024-06-30,"""Strength training (weight lifting, weight training)""",Cardio,588.0,66,,,,,
2024-06-30,Garmin Connect calorie adjustment,Cardio,162.0,1,,,,7487,
2024-07-01,"""Strength training (weight lifting, weight training)""",Cardio,642.0,65,,,,,
2024-07-01,Garmin Connect calorie adjustment,Cardio,192.0,1,,,,7267,
2024-07-02,"""Strength training (weight lifting, weight training)""",Cardio,77.0,8,,,,,
2024-07-02,Garmin Connect calorie adjustment,Cardio,523.0,1,,,,12326,
2024-07-03,"""Bicycling, <10 mph, leisure (cycling, biking, bike riding)""",Cardio,147.0,18,,,,,
2024-07-03,"""Bicycling, <10 mph, leisure (cycling, biking, bike riding)""",Cardio,101.0,25,,,,,
2024-07-03,Garmin Connect calorie adjustment,Cardio,428.0,1,,,,14174,
2024-07-04,"""Strength training (weight lifting, weight training)""",Cardio,167.0,37,,,,,
2024-07-04,Garmin Connect calorie adjustment,Cardio,855.0,1,,,,10329,
2024-07-05,"""Strength training (weight lifting, weight training)""",Cardio,178.0,37,,,,,
2024-07-05,Garmin Connect calorie adjustment,Cardio,374.0,1,,,,9648,
2024-07-06,Garmin Connect calorie adjustment,Cardio,825.0,1,,,,15866,
2024-07-07,Garmin Connect calorie adjustment,Cardio,529.0,1,,,,10171,
2024-07-08,"""Strength training (weight lifting, weight training)""",Cardio,183.0,34,,,,,
2024-07-08,Garmin Connect calorie adjustment,Cardio,560.0,1,,,,15686,
2024-07-09,Garmin Connect calorie adjustment,Cardio,365.0,1,,,,9758,
2024-07-10,Garmin Connect calorie adjustment,Cardio,490.0,1,,,,14473,
2024-07-11,Garmin Connect calorie adjustment,Cardio,334.0,1,,,,8708,
2024-07-12,Garmin Connect calorie adjustment,Cardio,307.0,1,,,,7117,
2024-07-13,Garmin Connect calorie adjustment,Cardio,431.0,1,,,,5958,
2024-07-14,Garmin Connect calorie adjustment,Cardio,938.0,1,,,,14336,
2024-07-15,Garmin Connect calorie adjustment,Cardio,723.0,1,,,,9747,
2024-07-16,Garmin Connect calorie adjustment,Cardio,611.0,1,,,,10855,
2024-07-17,Garmin Connect calorie adjustment,Cardio,672.0,1,,,,12135,
2024-07-18,Garmin Connect calorie adjustment,Cardio,506.0,1,,,,9065,
2024-07-19,Garmin Connect calorie adjustment,Cardio,669.0,1,,,,6843,
2024-07-20,"""Bicycling, <10 mph, leisure (cycling, biking, bike riding)""",Cardio,189.0,17,,,,,
2024-07-20,"""Bicycling, <10 mph, leisure (cycling, biking, bike riding)""",Cardio,354.0,32,,,,,
2024-07-20,"""Strength training (weight lifting, weight training)""",Cardio,442.0,52,,,,,
2024-07-20,Garmin Connect calorie adjustment,Cardio,120.0,1,,,,4998,
2024-07-21,Garmin Connect calorie adjustment,Cardio,564.0,1,,,,14349,
2024-07-22,"""Bicycling, <10 mph, leisure (cycling, biking, bike riding)""",Cardio,205.0,24,,,,,
2024-07-22,"""Bicycling, <10 mph, leisure (cycling, biking, bike riding)""",Cardio,244.0,34,,,,,
2024-07-22,"""Strength training (weight lifting, weight training)""",Cardio,570.0,74,,,,,
2024-07-22,Garmin Connect calorie adjustment,Cardio,0.0,1,,,,5951,
2024-07-23,Garmin Connect calorie adjustment,Cardio,439.0,1,,,,10349,
2024-07-24,Garmin Connect calorie adjustment,Cardio,200.0,1,,,,8005,
2024-07-25,"""Strength training (weight lifting, weight training)""",Cardio,574.0,52,,,,,
2024-07-25,Garmin Connect calorie adjustment,Cardio,188.0,1,,,,6639,
2024-07-26,"""Strength training (weight lifting, weight training)""",Cardio,419.0,66,,,,,
2024-07-26,Garmin Connect calorie adjustment,Cardio,403.0,1,,,,12781,
2024-07-27,Garmin Connect calorie adjustment,Cardio,654.0,1,,,,16844,
2024-07-28,"""Running (jogging), 5 mph (12 min mile)""",Cardio,198.0,24,,,,,
2024-07-28,Garmin Connect calorie adjustment,Cardio,542.0,1,,,,13908,
2024-07-29,"""Strength training (weight lifting, weight training)""",Cardio,316.0,57,,,,,
2024-07-29,Garmin Connect calorie adjustment,Cardio,417.0,1,,,,12368,
2024-07-30,"""Running (jogging), 5 mph (12 min mile)""",Cardio,290.0,37,,,,,
2024-07-30,Garmin Connect calorie adjustment,Cardio,103.0,1,,,,10530,
2024-07-31,"""Running (jogging), 5 mph (12 min mile)""",Cardio,177.0,20,,,,,
2024-07-31,"""Walking, 3.0 mph, mod. pace""",Cardio,379.0,46,,,,,
2024-07-31,Garmin Connect calorie adjustment,Cardio,300.0,1,,,,18868,
2024-08-01,"""Strength training (weight lifting, weight training)""",Cardio,116.0,12,,,,,
2024-08-01,Garmin Connect calorie adjustment,Cardio,389.0,1,,,,10691,
2024-08-02,Garmin Connect calorie adjustment,Cardio,476.0,1,,,,11936,
2024-08-03,Garmin Connect calorie adjustment,Cardio,491.0,1,,,,16169,
2024-08-04,Garmin Connect calorie adjustment,Cardio,350.0,1,,,,13323,
2024-08-05,"""Strength training (weight lifting, weight training)""",Cardio,121.0,22,,,,,
2024-08-05,Garmin Connect calorie adjustment,Cardio,461.0,1,,,,14780,
2024-08-06,"""Running (jogging), 5 mph (12 min mile)""",Cardio,116.0,22,,,,,
2024-08-06,Garmin Connect calorie adjustment,Cardio,515.0,1,,,,18223,
2024-08-07,Garmin Connect calorie adjustment,Cardio,147.0,1,,,,7178,
2024-08-08,"""Strength training (weight lifting, weight training)""",Cardio,342.0,37,,,,,
2024-08-08,Garmin Connect calorie adjustment,Cardio,56.0,1,,,,3976,
2024-08-09,"""Strength training (weight lifting, weight training)""",Cardio,175.0,26,,,,,
2024-08-09,Garmin Connect calorie adjustment,Cardio,147.0,1,,,,5057,
2024-08-10,"""Strength training (weight lifting, weight training)""",Cardio,396.0,67,,,,,
2024-08-10,"""Walking, 2.5 mph, leisurely pace""",Cardio,290.0,44,,,,,
2024-08-10,Garmin Connect calorie adjustment,Cardio,367.0,1,,,,17761,
2024-08-11,"""Walking, 2.5 mph, leisurely pace""",Cardio,253.0,50,,,,,
2024-08-11,"""Walking, 3.5 mph, brisk pace""",Cardio,477.0,71,,,,,
2024-08-11,Garmin Connect calorie adjustment,Cardio,0.0,1,,,,8598,
2024-08-12,"""Bicycling, <10 mph, leisure (cycling, biking, bike riding)""",Cardio,152.0,17,,,,,
2024-08-12,"""Bicycling, <10 mph, leisure (cycling, biking, bike riding)""",Cardio,180.0,18,,,,,
2024-08-12,"""Strength training (weight lifting, weight training)""",Cardio,442.0,43,,,,,
2024-08-12,Garmin Connect calorie adjustment,Cardio,221.0,1,,,,8792,
2024-08-13,"""Bicycling, <10 mph, leisure (cycling, biking, bike riding)""",Cardio,124.0,12,,,,,
2024-08-13,"""Bicycling, <10 mph, leisure (cycling, biking, bike riding)""",Cardio,133.0,12,,,,,
2024-08-13,"""Strength training (weight lifting, weight training)""",Cardio,413.0,44,,,,,
2024-08-13,Garmin Connect calorie adjustment,Cardio,379.0,1,,,,13106,
2024-08-14,"""Strength training (weight lifting, weight training)""",Cardio,382.0,71,,,,,
2024-08-14,Garmin Connect calorie adjustment,Cardio,453.0,1,,,,12426,
2024-08-15,"""Walking, 3.0 mph, mod. pace""",Cardio,384.0,69,,,,,
2024-08-15,Garmin Connect calorie adjustment,Cardio,146.0,1,,,,15538,
2024-08-16,"""Bicycling, <10 mph, leisure (cycling, biking, bike riding)""",Cardio,55.0,12,,,,,
2024-08-16,"""Strength training (weight lifting, weight training)""",Cardio,484.0,62,,,,,
2024-08-16,Garmin Connect calorie adjustment,Cardio,440.0,1,,,,13665,
2024-08-17,"""Bicycling, <10 mph, leisure (cycling, biking, bike riding)""",Cardio,94.0,19,,,,,
2024-08-17,"""Strength training (weight lifting, weight training)""",Cardio,546.0,65,,,,,
2024-08-17,Garmin Connect calorie adjustment,Cardio,205.0,1,,,,15693,
2024-08-18,"""Bicycling, <10 mph, leisure (cycling, biking, bike riding)""",Cardio,144.0,17,,,,,
2024-08-18,"""Bicycling, <10 mph, leisure (cycling, biking, bike riding)""",Cardio,92.0,14,,,,,
2024-08-18,"""Strength training (weight lifting, weight training)""",Cardio,100.0,31,,,,,
2024-08-18,Garmin Connect calorie adjustment,Cardio,459.0,1,,,,12159,
2024-08-19,"""Bicycling, <10 mph, leisure (cycling, biking, bike riding)""",Cardio,447.0,39,,,,,
2024-08-19,"""Bicycling, <10 mph, leisure (cycling, biking, bike riding)""",Cardio,257.0,25,,,,,
2024-08-19,"""Bicycling, <10 mph, leisure (cycling, biking, bike riding)""",Cardio,399.0,67,,,,,
2024-08-19,"""Bicycling, <10 mph, leisure (cycling, biking, bike riding)""",Cardio,128.0,20,,,,,
2024-08-19,Garmin Connect calorie adjustment,Cardio,0.0,1,,,,5623,
2024-08-20,"""Strength training (weight lifting, weight training)""",Cardio,378.0,54,,,,,
2024-08-20,Garmin Connect calorie adjustment,Cardio,24.0,1,,,,7579,
2024-08-21,"""Bicycling, <10 mph, leisure (cycling, biking, bike riding)""",Cardio,211.0,25,,,,,
2024-08-21,"""Bicycling, <10 mph, leisure (cycling, biking, bike riding)""",Cardio,170.0,16,,,,,
2024-08-21,"""Bicycling, <10 mph, leisure (cycling, biking, bike riding)""",Cardio,95.0,13,,,,,
2024-08-21,"""Strength training (weight lifting, weight training)""",Cardio,143.0,21,,,,,
2024-08-21,Garmin Connect calorie adjustment,Cardio,259.0,1,,,,9758,
2024-08-22,"""Bicycling, <10 mph, leisure (cycling, biking, bike riding)""",Cardio,308.0,34,,,,,
2024-08-22,"""Bicycling, <10 mph, leisure (cycling, biking, bike riding)""",Cardio,313.0,26,,,,,
2024-08-22,Garmin Connect calorie adjustment,Cardio,47.0,1,,,,4840,
2024-08-23,"""Strength training (weight lifting, weight training)""",Cardio,290.0,38,,,,,
2024-08-23,Garmin Connect calorie adjustment,Cardio,290.0,1,,,,10486,
2024-08-24,Garmin Connect calorie adjustment,Cardio,81.0,1,,,,6408,
2024-08-25,"""Bicycling, <10 mph, leisure (cycling, biking, bike riding)""",Cardio,146.0,18,,,,,
2024-08-25,"""Bicycling, <10 mph, leisure (cycling, biking, bike riding)""",Cardio,167.0,20,,,,,
2024-08-25,"""Strength training (weight lifting, weight training)""",Cardio,557.0,75,,,,,
2024-08-25,Garmin Connect calorie adjustment,Cardio,416.0,1,,,,16961,
2024-08-26,"""Bicycling, <10 mph, leisure (cycling, biking, bike riding)""",Cardio,152.0,19,,,,,
2024-08-26,"""Bicycling, <10 mph, leisure (cycling, biking, bike riding)""",Cardio,209.0,33,,,,,
2024-08-26,"""Strength training (weight lifting, weight training)""",Cardio,257.0,34,,,,,
2024-08-26,Garmin Connect calorie adjustment,Cardio,162.0,1,,,,8154,
2024-08-27,"""Bicycling, <10 mph, leisure (cycling, biking, bike riding)""",Cardio,223.0,25,,,,,
2024-08-27,"""Bicycling, <10 mph, leisure (cycling, biking, bike riding)""",Cardio,367.0,35,,,,,
2024-08-27,Garmin Connect calorie adjustment,Cardio,228.0,1,,,,9084,
2024-08-28,"""Bicycling, <10 mph, leisure (cycling, biking, bike riding)""",Cardio,230.0,27,,,,,
2024-08-28,"""Bicycling, <10 mph, leisure (cycling, biking, bike riding)""",Cardio,211.0,24,,,,,
2024-08-28,"""Strength training (weight lifting, weight training)""",Cardio,450.0,52,,,,,
2024-08-28,Garmin Connect calorie adjustment,Cardio,158.0,1,,,,8870,
2024-08-29,"""Bicycling, <10 mph, leisure (cycling, biking, bike riding)""",Cardio,121.0,13,,,,,
2024-08-29,"""Bicycling, <10 mph, leisure (cycling, biking, bike riding)""",Cardio,106.0,12,,,,,
2024-08-29,"""Strength training (weight lifting, weight training)""",Cardio,205.0,28,,,,,
2024-08-29,Garmin Connect calorie adjustment,Cardio,652.0,1,,,,14186,
2024-08-30,"""Bicycling, <10 mph, leisure (cycling, biking, bike riding)""",Cardio,237.0,18,,,,,
2024-08-30,"""Bicycling, <10 mph, leisure (cycling, biking, bike riding)""",Cardio,177.0,22,,,,,
2024-08-30,"""Strength training (weight lifting, weight training)""",Cardio,500.0,68,,,,,
2024-08-30,Garmin Connect calorie adjustment,Cardio,336.0,1,,,,15695,
2024-08-31,"""Bicycling, <10 mph, leisure (cycling, biking, bike riding)""",Cardio,191.0,21,,,,,
2024-08-31,"""Strength training (weight lifting, weight training)""",Cardio,348.0,57,,,,,
2024-08-31,Garmin Connect calorie adjustment,Cardio,180.0,1,,,,7507,
2024-09-01,Garmin Connect calorie adjustment,Cardio,96.0,1,,,,7189,
2024-09-02,"""Bicycling, <10 mph, leisure (cycling, biking, bike riding)""",Cardio,111.0,17,,,,,
2024-09-02,Garmin Connect calorie adjustment,Cardio,200.0,1,,,,8201,
2024-09-03,"""Bicycling, <10 mph, leisure (cycling, biking, bike riding)""",Cardio,90.0,13,,,,,
2024-09-03,"""Bicycling, <10 mph, leisure (cycling, biking, bike riding)""",Cardio,57.0,13,,,,,
2024-09-03,"""Bicycling, <10 mph, leisure (cycling, biking, bike riding)""",Cardio,112.0,17,,,,,
2024-09-03,"""Bicycling, <10 mph, leisure (cycling, biking, bike riding)""",Cardio,101.0,12,,,,,
2024-09-03,"""Strength training (weight lifting, weight training)""",Cardio,601.0,78,,,,,
2024-09-03,Garmin Connect calorie adjustment,Cardio,0.0,1,,,,4981,
2024-09-04,"""Bicycling, <10 mph, leisure (cycling, biking, bike riding)""",Cardio,208.0,16,,,,,
2024-09-04,Garmin Connect calorie adjustment,Cardio,110.0,1,,,,8131,
2024-09-05,"""Bicycling, <10 mph, leisure (cycling, biking, bike riding)""",Cardio,141.0,29,,,,,
2024-09-05,Garmin Connect calorie adjustment,Cardio,201.0,1,,,,8852,
2024-09-06,"""Strength training (weight lifting, weight training)""",Cardio,576.0,63,,,,,
2024-09-06,Garmin Connect calorie adjustment,Cardio,30.0,1,,,,7225,
2024-09-07,"""Bicycling, <10 mph, leisure (cycling, biking, bike riding)""",Cardio,111.0,11,,,,,
2024-09-07,"""Bicycling, <10 mph, leisure (cycling, biking, bike riding)""",Cardio,176.0,17,,,,,
2024-09-07,"""Bicycling, <10 mph, leisure (cycling, biking, bike riding)""",Cardio,121.0,13,,,,,
2024-09-07,"""Strength training (weight lifting, weight training)""",Cardio,429.0,60,,,,,
2024-09-07,Garmin Connect calorie adjustment,Cardio,565.0,1,,,,19381,
2024-09-08,"""Bicycling, <10 mph, leisure (cycling, biking, bike riding)""",Cardio,214.0,29,,,,,
2024-09-08,"""Bicycling, <10 mph, leisure (cycling, biking, bike riding)""",Cardio,173.0,19,,,,,
2024-09-08,"""Strength training (weight lifting, weight training)""",Cardio,272.0,33,,,,,
2024-09-08,Garmin Connect calorie adjustment,Cardio,636.0,1,,,,16543,
2024-09-09,"""Bicycling, <10 mph, leisure (cycling, biking, bike riding)""",Cardio,115.0,21,,,,,
2024-09-09,"""Bicycling, <10 mph, leisure (cycling, biking, bike riding)""",Cardio,42.0,12,,,,,
2024-09-09,Garmin Connect calorie adjustment,Cardio,155.0,1,,,,6711,
2024-09-10,"""Strength training (weight lifting, weight training)""",Cardio,475.0,56,,,,,
2024-09-10,Garmin Connect calorie adjustment,Cardio,87.0,1,,,,8144,
2024-09-11,"""Bicycling, <10 mph, leisure (cycling, biking, bike riding)""",Cardio,30.0,4,,,,,
2024-09-11,"""Bicycling, <10 mph, leisure (cycling, biking, bike riding)""",Cardio,249.0,38,,,,,
2024-09-11,"""Strength training (weight lifting, weight training)""",Cardio,404.0,65,,,,,
2024-09-11,Garmin Connect calorie adjustment,Cardio,139.0,1,,,,7642,
2024-09-12,"""Bicycling, <10 mph, leisure (cycling, biking, bike riding)""",Cardio,325.0,29,,,,,
2024-09-12,"""Bicycling, <10 mph, leisure (cycling, biking, bike riding)""",Cardio,324.0,35,,,,,
2024-09-12,"""Bicycling, <10 mph, leisure (cycling, biking, bike riding)""",Cardio,101.0,13,,,,,
2024-09-12,"""Bicycling, <10 mph, leisure (cycling, biking, bike riding)""",Cardio,90.0,13,,,,,
2024-09-12,Garmin Connect calorie adjustment,Cardio,185.0,1,,,,5291,
2024-09-13,"""Strength training (weight lifting, weight training)""",Cardio,435.0,58,,,,,
2024-09-13,Garmin Connect calorie adjustment,Cardio,205.0,1,,,,7262,
2024-09-14,"""Strength training (weight lifting, weight training)""",Cardio,666.0,73,,,,,
2024-09-14,Garmin Connect calorie adjustment,Cardio,521.0,1,,,,13926,
2024-09-15,Garmin Connect calorie adjustment,Cardio,248.0,1,,,,6704,
2024-09-16,"""Bicycling, <10 mph, leisure (cycling, biking, bike riding)""",Cardio,190.0,25,,,,,
2024-09-16,Garmin Connect calorie adjustment,Cardio,109.0,1,,,,5225,
2024-09-17,"""Bicycling, <10 mph, leisure (cycling, biking, bike riding)""",Cardio,219.0,26,,,,,
2024-09-17,"""Bicycling, <10 mph, leisure (cycling, biking, bike riding)""",Cardio,183.0,21,,,,,
2024-09-17,Garmin Connect calorie adjustment,Cardio,7.0,1,,,,6281,
2024-09-18,"""Bicycling, <10 mph, leisure (cycling, biking, bike riding)""",Cardio,96.0,14,,,,,
2024-09-18,Garmin Connect calorie adjustment,Cardio,26.0,1,,,,3055,
2024-09-19,"""Bicycling, <10 mph, leisure (cycling, biking, bike riding)""",Cardio,269.0,30,,,,,
2024-09-19,"""Strength training (weight lifting, weight training)""",Cardio,180.0,31,,,,,
2024-09-19,Garmin Connect calorie adjustment,Cardio,71.0,1,,,,5984,
2024-09-20,"""Strength training (weight lifting, weight training)""",Cardio,239.0,26,,,,,
2024-09-20,Garmin Connect calorie adjustment,Cardio,315.0,1,,,,11689,
2024-09-21,"""Strength training (weight lifting, weight training)""",Cardio,273.0,53,,,,,
2024-09-21,Garmin Connect calorie adjustment,Cardio,0.0,1,,,,7241,
2024-09-22,"""Bicycling, <10 mph, leisure (cycling, biking, bike riding)""",Cardio,136.0,20,,,,,
2024-09-22,"""Bicycling, <10 mph, leisure (cycling, biking, bike riding)""",Cardio,168.0,17,,,,,
2024-09-22,Garmin Connect calorie adjustment,Cardio,377.0,1,,,,10370,
2024-09-23,"""Bicycling, <10 mph, leisure (cycling, biking, bike riding)""",Cardio,102.0,13,,,,,
2024-09-23,Garmin Connect calorie adjustment,Cardio,116.0,1,,,,4628,
2024-09-24,"""Strength training (weight lifting, weight training)""",Cardio,529.0,67,,,,,
2024-09-24,Garmin Connect calorie adjustment,Cardio,0.0,1,,,,3748,
2024-09-25,Garmin Connect calorie adjustment,Cardio,51.0,1,,,,4339,
2024-09-26,"""Bicycling, <10 mph, leisure (cycling, biking, bike riding)""",Cardio,122.0,12,,,,,
2024-09-26,"""Bicycling, <10 mph, leisure (cycling, biking, bike riding)""",Cardio,111.0,18,,,,,
2024-09-26,"""Bicycling, <10 mph, leisure (cycling, biking, bike riding)""",Cardio,219.0,26,,,,,
2024-09-26,Garmin Connect calorie adjustment,Cardio,260.0,1,,,,8577,
2024-09-27,"""Strength training (weight lifting, weight training)""",Cardio,348.0,69,,,,,
2024-09-27,Garmin Connect calorie adjustment,Cardio,240.0,1,,,,7759,
2024-09-28,"""Bicycling, <10 mph, leisure (cycling, biking, bike riding)""",Cardio,237.0,26,,,,,
2024-09-28,"""Bicycling, <10 mph, leisure (cycling, biking, bike riding)""",Cardio,147.0,20,,,,,
2024-09-28,"""Strength training (weight lifting, weight training)""",Cardio,287.0,46,,,,,
2024-09-28,Garmin Connect calorie adjustment,Cardio,0.0,1,,,,6176,
2024-09-29,"""Strength training (weight lifting, weight training)""",Cardio,498.0,59,,,,,
2024-09-29,Garmin Connect calorie adjustment,Cardio,127.0,1,,,,9362,
2024-09-30,"""Bicycling, <10 mph, leisure (cycling, biking, bike riding)""",Cardio,83.0,8,,,,,
2024-09-30,"""Bicycling, <10 mph, leisure (cycling, biking, bike riding)""",Cardio,62.0,13,,,,,
2024-09-30,"""Bicycling, <10 mph, leisure (cycling, biking, bike riding)""",Cardio,113.0,15,,,,,
2024-09-30,Garmin Connect calorie adjustment,Cardio,164.0,1,,,,5530,
2024-10-01,"""Strength training (weight lifting, weight training)""",Cardio,294.0,36,,,,,
2024-10-01,Garmin Connect calorie adjustment,Cardio,0.0,1,,,,3472,
2024-10-02,"""Strength training (weight lifting, weight training)""",Cardio,543.0,68,,,,,
2024-10-02,Garmin Connect calorie adjustment,Cardio,80.0,1,,,,8558,
2024-10-03,"""Strength training (weight lifting, weight training)""",Cardio,227.0,28,,,,,
2024-10-03,Garmin Connect calorie adjustment,Cardio,25.0,1,,,,3998,
2024-10-04,"""Bicycling, <10 mph, leisure (cycling, biking, bike riding)""",Cardio,181.0,28,,,,,
2024-10-04,Garmin Connect calorie adjustment,Cardio,0.0,1,,,,1364,
2024-10-05,"""Bicycling, <10 mph, leisure (cycling, biking, bike riding)""",Cardio,195.0,23,,,,,
2024-10-05,"""Bicycling, <10 mph, leisure (cycling, biking, bike riding)""",Cardio,128.0,19,,,,,
2024-10-05,Garmin Connect calorie adjustment,Cardio,173.0,1,,,,7196,
2024-10-06,"""Strength training (weight lifting, weight training)""",Cardio,697.0,85,,,,,
2024-10-06,Garmin Connect calorie adjustment,Cardio,158.0,1,,,,6743,
2024-10-07,"""Bicycling, <10 mph, leisure (cycling, biking, bike riding)""",Cardio,53.0,10,,,,,
2024-10-07,"""Strength training (weight lifting, weight training)""",Cardio,233.0,29,,,,,
2024-10-07,Garmin Connect calorie adjustment,Cardio,245.0,1,,,,8926,
2024-10-08,"""Bicycling, <10 mph, leisure (cycling, biking, bike riding)""",Cardio,25.0,3,,,,,
2024-10-08,"""Strength training (weight lifting, weight training)""",Cardio,484.0,56,,,,,
2024-10-08,Garmin Connect calorie adjustment,Cardio,0.0,1,,,,3926,
2024-10-09,"""Strength training (weight lifting, weight training)""",Cardio,487.0,64,,,,,
2024-10-09,Garmin Connect calorie adjustment,Cardio,0.0,1,,,,6507,
2024-10-10,Garmin Connect calorie adjustment,Cardio,246.0,1,,,,9832,
2024-10-11,Garmin Connect calorie adjustment,Cardio,600.0,1,,,,14819,
2024-10-12,Garmin Connect calorie adjustment,Cardio,375.0,1,,,,11991,
2024-10-13,Garmin Connect calorie adjustment,Cardio,512.0,1,,,,13688,
2024-10-14,"""Bicycling, <10 mph, leisure (cycling, biking, bike riding)""",Cardio,244.0,24,,,,,
2024-10-14,"""Bicycling, <10 mph, leisure (cycling, biking, bike riding)""",Cardio,158.0,24,,,,,
2024-10-14,"""Strength training (weight lifting, weight training)""",Cardio,582.0,65,,,,,
2024-10-14,Garmin Connect calorie adjustment,Cardio,383.0,1,,,,9407,
2024-10-15,"""Strength training (weight lifting, weight training)""",Cardio,312.0,46,,,,,
2024-10-15,Garmin Connect calorie adjustment,Cardio,29.0,1,,,,4313,
2024-10-16,"""Bicycling, <10 mph, leisure (cycling, biking, bike riding)""",Cardio,194.0,26,,,,,
2024-10-16,"""Bicycling, <10 mph, leisure (cycling, biking, bike riding)""",Cardio,265.0,29,,,,,
2024-10-16,"""Bicycling, <10 mph, leisure (cycling, biking, bike riding)""",Cardio,135.0,20,,,,,
2024-10-16,"""Bicycling, <10 mph, leisure (cycling, biking, bike riding)""",Cardio,191.0,28,,,,,
2024-10-16,"""Strength training (weight lifting, weight training)""",Cardio,353.0,49,,,,,
2024-10-16,Garmin Connect calorie adjustment,Cardio,0.0,1,,,,11228,
2024-10-17,"""Bicycling, <10 mph, leisure (cycling, biking, bike riding)""",Cardio,142.0,18,,,,,
2024-10-17,Garmin Connect calorie adjustment,Cardio,50.0,1,,,,3224,
2024-10-18,"""Bicycling, <10 mph, leisure (cycling, biking, bike riding)""",Cardio,166.0,22,,,,,
2024-10-18,"""Bicycling, <10 mph, leisure (cycling, biking, bike riding)""",Cardio,154.0,21,,,,,
2024-10-18,"""Strength training (weight lifting, weight training)""",Cardio,98.0,18,,,,,
2024-10-18,Garmin Connect calorie adjustment,Cardio,320.0,1,,,,9997,
2024-10-19,"""Bicycling, <10 mph, leisure (cycling, biking, bike riding)""",Cardio,497.0,65,,,,,
2024-10-19,Garmin Connect calorie adjustment,Cardio,192.0,1,,,,11106,
2024-10-20,"""Bicycling, <10 mph, leisure (cycling, biking, bike riding)""",Cardio,273.0,35,,,,,
2024-10-20,"""Bicycling, <10 mph, leisure (cycling, biking, bike riding)""",Cardio,113.0,13,,,,,
2024-10-20,"""Strength training (weight lifting, weight training)""",Cardio,586.0,58,,,,,
2024-10-20,Garmin Connect calorie adjustment,Cardio,255.0,1,,,,10495,
2024-10-21,"""Bicycling, <10 mph, leisure (cycling, biking, bike riding)""",Cardio,94.0,13,,,,,
2024-10-21,Garmin Connect calorie adjustment,Cardio,191.0,1,,,,9219,
2024-10-22,"""Bicycling, <10 mph, leisure (cycling, biking, bike riding)""",Cardio,71.0,10,,,,,
2024-10-22,Garmin Connect calorie adjustment,Cardio,154.0,1,,,,5935,
2024-10-23,"""Strength training (weight lifting, weight training)""",Cardio,612.0,72,,,,,
2024-10-23,Garmin Connect calorie adjustment,Cardio,82.0,1,,,,8972,
2024-10-24,"""Strength training (weight lifting, weight training)""",Cardio,357.0,42,,,,,
2024-10-24,Garmin Connect calorie adjustment,Cardio,20.0,1,,,,6885,
2024-10-25,Garmin Connect calorie adjustment,Cardio,289.0,1,,,,10544,
2024-10-26,"""Bicycling, <10 mph, leisure (cycling, biking, bike riding)""",Cardio,296.0,45,,,,,
2024-10-26,"""Strength training (weight lifting, weight training)""",Cardio,100.0,17,,,,,
2024-10-26,Garmin Connect calorie adjustment,Cardio,329.0,1,,,,10411,
2024-10-27,Garmin Connect calorie adjustment,Cardio,207.0,1,,,,8212,
2024-10-28,"""Bicycling, <10 mph, leisure (cycling, biking, bike riding)""",Cardio,113.0,18,,,,,
2024-10-28,"""Strength training (weight lifting, weight training)""",Cardio,602.0,71,,,,,
2024-10-28,Garmin Connect calorie adjustment,Cardio,195.0,1,,,,10223,
2024-10-29,Garmin Connect calorie adjustment,Cardio,260.0,1,,,,9081,
2024-10-30,"""Strength training (weight lifting, weight training)""",Cardio,663.0,55,,,,,
2024-10-30,Garmin Connect calorie adjustment,Cardio,228.0,1,,,,10681,
2024-10-31,Garmin Connect calorie adjustment,Cardio,147.0,1,,,,7670,
2024-11-01,"""Strength training (weight lifting, weight training)""",Cardio,720.0,69,,,,,
2024-11-01,Garmin Connect calorie adjustment,Cardio,0.0,1,,,,3148,
2024-11-02,Garmin Connect calorie adjustment,Cardio,184.0,1,,,,10452,
2024-11-03,"""Bicycling, <10 mph, leisure (cycling, biking, bike riding)""",Cardio,40.0,12,,,,,
2024-11-03,"""Strength training (weight lifting, weight training)""",Cardio,369.0,50,,,,,
2024-11-03,Garmin Connect calorie adjustment,Cardio,113.0,1,,,,6539,
2024-11-04,"""Bicycling, <10 mph, leisure (cycling, biking, bike riding)""",Cardio,83.0,14,,,,,
2024-11-04,"""Bicycling, <10 mph, leisure (cycling, biking, bike riding)""",Cardio,140.0,17,,,,,
2024-11-04,"""Strength training (weight lifting, weight training)""",Cardio,400.0,52,,,,,
2024-11-04,Garmin Connect calorie adjustment,Cardio,219.0,1,,,,12091,
2024-11-05,"""Bicycling, <10 mph, leisure (cycling, biking, bike riding)""",Cardio,82.0,11,,,,,
2024-11-05,"""Bicycling, <10 mph, leisure (cycling, biking, bike riding)""",Cardio,292.0,32,,,,,
2024-11-05,"""Bicycling, <10 mph, leisure (cycling, biking, bike riding)""",Cardio,107.0,11,,,,,
2024-11-05,"""Running (jogging), 5 mph (12 min mile)""",Cardio,174.0,14,,,,,
2024-11-05,Garmin Connect calorie adjustment,Cardio,289.0,1,,,,9226,
2024-11-06,"""Bicycling, <10 mph, leisure (cycling, biking, bike riding)""",Cardio,58.0,9,,,,,
2024-11-06,Garmin Connect calorie adjustment,Cardio,134.0,1,,,,8708,
2024-11-07,"""Strength training (weight lifting, weight training)""",Cardio,438.0,39,,,,,
2024-11-07,Garmin Connect calorie adjustment,Cardio,125.0,1,,,,6253,
2024-11-08,"""Strength training (weight lifting, weight training)""",Cardio,147.0,20,,,,,
2024-11-08,Garmin Connect calorie adjustment,Cardio,178.0,1,,,,7255,
2024-11-09,"""Bicycling, <10 mph, leisure (cycling, biking, bike riding)""",Cardio,261.0,27,,,,,
2024-11-09,Garmin Connect calorie adjustment,Cardio,253.0,1,,,,10179,
2024-11-10,"""Bicycling, <10 mph, leisure (cycling, biking, bike riding)""",Cardio,353.0,44,,,,,
2024-11-10,Garmin Connect calorie adjustment,Cardio,240.0,1,,,,11592,
2024-11-11,"""Bicycling, <10 mph, leisure (cycling, biking, bike riding)""",Cardio,115.0,27,,,,,
2024-11-11,"""Bicycling, <10 mph, leisure (cycling, biking, bike riding)""",Cardio,153.0,35,,,,,
2024-11-11,"""Strength training (weight lifting, weight training)""",Cardio,582.0,71,,,,,
2024-11-11,Garmin Connect calorie adjustment,Cardio,74.0,1,,,,13517,
2024-11-12,"""Bicycling, <10 mph, leisure (cycling, biking, bike riding)""",Cardio,356.0,45,,,,,
2024-11-12,"""Bicycling, <10 mph, leisure (cycling, biking, bike riding)""",Cardio,247.0,30,,,,,
2024-11-12,"""Strength training (weight lifting, weight training)""",Cardio,196.0,20,,,,,
2024-11-12,Garmin Connect calorie adjustment,Cardio,248.0,1,,,,9827,
2024-11-13,"""Bicycling, <10 mph, leisure (cycling, biking, bike riding)""",Cardio,20.0,4,,,,,
2024-11-13,Garmin Connect calorie adjustment,Cardio,242.0,1,,,,8575,
2024-11-14,"""Bicycling, <10 mph, leisure (cycling, biking, bike riding)""",Cardio,120.0,13,,,,,
2024-11-14,"""Strength training (weight lifting, weight training)""",Cardio,581.0,50,,,,,
2024-11-14,Garmin Connect calorie adjustment,Cardio,160.0,1,,,,9384,
2024-11-15,"""Bicycling, <10 mph, leisure (cycling, biking, bike riding)""",Cardio,69.0,13,,,,,
2024-11-15,"""Bicycling, <10 mph, leisure (cycling, biking, bike riding)""",Cardio,217.0,19,,,,,
2024-11-15,"""Bicycling, <10 mph, leisure (cycling, biking, bike riding)""",Cardio,241.0,30,,,,,
2024-11-15,Garmin Connect calorie adjustment,Cardio,169.0,1,,,,6267,
2024-11-16,"""Bicycling, <10 mph, leisure (cycling, biking, bike riding)""",Cardio,173.0,22,,,,,
2024-11-16,"""Bicycling, <10 mph, leisure (cycling, biking, bike riding)""",Cardio,72.0,12,,,,,
2024-11-16,Garmin Connect calorie adjustment,Cardio,60.0,1,,,,3857,
2024-11-17,"""Strength training (weight lifting, weight training)""",Cardio,714.0,74,,,,,
2024-11-17,Garmin Connect calorie adjustment,Cardio,0.0,1,,,,5917,
2024-11-18,"""Strength training (weight lifting, weight training)""",Cardio,388.0,52,,,,,
2024-11-18,Garmin Connect calorie adjustment,Cardio,0.0,1,,,,5892,
2024-11-19,"""Bicycling, <10 mph, leisure (cycling, biking, bike riding)""",Cardio,241.0,33,,,,,
2024-11-19,"""Bicycling, <10 mph, leisure (cycling, biking, bike riding)""",Cardio,117.0,16,,,,,
2024-11-19,"""Bicycling, <10 mph, leisure (cycling, biking, bike riding)""",Cardio,81.0,11,,,,,
2024-11-19,"""Bicycling, <10 mph, leisure (cycling, biking, bike riding)""",Cardio,81.0,16,,,,,
2024-11-19,"""Strength training (weight lifting, weight training)""",Cardio,738.0,74,,,,,
2024-11-19,Garmin Connect calorie adjustment,Cardio,323.0,1,,,,12094,
2024-11-20,Garmin Connect calorie adjustment,Cardio,77.0,1,,,,5140,
2024-11-21,Garmin Connect calorie adjustment,Cardio,364.0,1,,,,11162,
2024-11-22,Garmin Connect calorie adjustment,Cardio,138.0,1,,,,7066,
2024-11-23,Garmin Connect calorie adjustment,Cardio,902.0,1,,,,11304,
2024-11-24,Garmin Connect calorie adjustment,Cardio,780.0,1,,,,23067,
2024-11-25,Garmin Connect calorie adjustment,Cardio,495.0,1,,,,16973,
2024-11-26,Garmin Connect calorie adjustment,Cardio,448.0,1,,,,19171,
2024-11-27,Garmin Connect calorie adjustment,Cardio,555.0,1,,,,12603,
2024-11-28,Garmin Connect calorie adjustment,Cardio,456.0,1,,,,16694,
2024-11-29,Garmin Connect calorie adjustment,Cardio,846.0,1,,,,8278,
2024-11-30,Garmin Connect calorie adjustment,Cardio,124.0,1,,,,5757,
2024-12-01,Garmin Connect calorie adjustment,Cardio,542.0,1,,,,11565,
2024-12-02,Garmin Connect calorie adjustment,Cardio,579.0,1,,,,12002,
2024-12-03,"""Strength training (weight lifting, weight training)""",Cardio,335.0,66,,,,,
2024-12-03,Garmin Connect calorie adjustment,Cardio,591.0,1,,,,21289,
2024-12-04,Garmin Connect calorie adjustment,Cardio,667.0,1,,,,15434,
2024-12-05,Garmin Connect calorie adjustment,Cardio,1167.0,1,,,,19335,
2024-12-06,Garmin Connect calorie adjustment,Cardio,478.0,1,,,,13767,
2024-12-07,Garmin Connect calorie adjustment,Cardio,292.0,1,,,,9355,
2024-12-08,Garmin Connect calorie adjustment,Cardio,832.0,1,,,,8493,
2024-12-09,"""Strength training (weight lifting, weight training)""",Cardio,367.0,36,,,,,
2024-12-09,Garmin Connect calorie adjustment,Cardio,207.0,1,,,,5855,
2024-12-10,"""Bicycling, <10 mph, leisure (cycling, biking, bike riding)""",Cardio,68.0,12,,,,,
2024-12-10,"""Strength training (weight lifting, weight training)""",Cardio,294.0,40,,,,,
2024-12-10,Garmin Connect calorie adjustment,Cardio,391.0,1,,,,11727,
2024-12-11,"""Strength training (weight lifting, weight training)""",Cardio,340.0,34,,,,,
2024-12-11,Garmin Connect calorie adjustment,Cardio,141.0,1,,,,6539,
2024-12-12,"""Bicycling, <10 mph, leisure (cycling, biking, bike riding)""",Cardio,131.0,23,,,,,
2024-12-12,"""Bicycling, <10 mph, leisure (cycling, biking, bike riding)""",Cardio,193.0,34,,,,,
2024-12-12,"""Strength training (weight lifting, weight training)""",Cardio,194.0,24,,,,,
2024-12-12,Garmin Connect calorie adjustment,Cardio,90.0,1,,,,10459,
2024-12-13,"""Bicycling, <10 mph, leisure (cycling, biking, bike riding)""",Cardio,101.0,22,,,,,
2024-12-13,"""Bicycling, <10 mph, leisure (cycling, biking, bike riding)""",Cardio,94.0,8,,,,,
2024-12-13,Garmin Connect calorie adjustment,Cardio,79.0,1,,,,4785,
2024-12-14,"""Bicycling, <10 mph, leisure (cycling, biking, bike riding)""",Cardio,238.0,26,,,,,
2024-12-14,"""Bicycling, <10 mph, leisure (cycling, biking, bike riding)""",Cardio,68.0,9,,,,,
2024-12-14,Garmin Connect calorie adjustment,Cardio,150.0,1,,,,6269,
2024-12-15,"""Strength training (weight lifting, weight training)""",Cardio,477.0,45,,,,,
2024-12-15,Garmin Connect calorie adjustment,Cardio,501.0,1,,,,14430,
2024-12-16,Garmin Connect calorie adjustment,Cardio,164.0,1,,,,4801,
2024-12-17,Garmin Connect calorie adjustment,Cardio,160.0,1,,,,5730,
2024-12-18,"""Strength training (weight lifting, weight training)""",Cardio,632.0,56,,,,,
2024-12-18,Garmin Connect calorie adjustment,Cardio,259.0,1,,,,9160,
2024-12-19,Garmin Connect calorie adjustment,Cardio,126.0,1,,,,4470,
2024-12-20,"""Bicycling, <10 mph, leisure (cycling, biking, bike riding)""",Cardio,55.0,10,,,,,
2024-12-20,"""Bicycling, <10 mph, leisure (cycling, biking, bike riding)""",Cardio,71.0,13,,,,,
2024-12-20,Garmin Connect calorie adjustment,Cardio,74.0,1,,,,4880,
2024-12-21,"""Bicycling, <10 mph, leisure (cycling, biking, bike riding)""",Cardio,117.0,23,,,,,
2024-12-21,"""Strength training (weight lifting, weight training)""",Cardio,355.0,32,,,,,
2024-12-21,Garmin Connect calorie adjustment,Cardio,338.0,1,,,,12630,
2024-12-22,"""Strength training (weight lifting, weight training)""",Cardio,644.0,60,,,,,
2024-12-22,Garmin Connect calorie adjustment,Cardio,0.0,1,,,,5496,
2024-12-23,"""Bicycling, <10 mph, leisure (cycling, biking, bike riding)""",Cardio,217.0,23,,,,,
2024-12-23,"""Bicycling, <10 mph, leisure (cycling, biking, bike riding)""",Cardio,336.0,32,,,,,
2024-12-23,"""Strength training (weight lifting, weight training)""",Cardio,65.0,6,,,,,
2024-12-23,Elliptical Trainer,Cardio,198.0,16,,,,,
2024-12-23,Garmin Connect calorie adjustment,Cardio,218.0,1,,,,9723,
2024-12-24,"""Strength training (weight lifting, weight training)""",Cardio,505.0,47,,,,,
2024-12-24,Garmin Connect calorie adjustment,Cardio,174.0,1,,,,9167,
2024-12-25,Garmin Connect calorie adjustment,Cardio,90.0,1,,,,3015,
2024-12-26,Garmin Connect calorie adjustment,Cardio,263.0,1,,,,11182,
2024-12-27,"""Strength training (weight lifting, weight training)""",Cardio,107.0,16,,,,,
2024-12-27,Garmin Connect calorie adjustment,Cardio,347.0,1,,,,12674,
2024-12-28,"""Strength training (weight lifting, weight training)""",Cardio,762.0,73,,,,,
2024-12-28,Garmin Connect calorie adjustment,Cardio,12.0,1,,,,6964,
2024-12-29,Garmin Connect calorie adjustment,Cardio,116.0,1,,,,3956,
2024-12-30,"""Strength training (weight lifting, weight training)""",Cardio,309.0,34,,,,,
2024-12-30,Garmin Connect calorie adjustment,Cardio,194.0,1,,,,4524,
2024-12-31,"""Strength training (weight lifting, weight training)""",Cardio,283.0,32,,,,,
2024-12-31,Garmin Connect calorie adjustment,Cardio,88.0,1,,,,4947,
2025-01-01,Garmin Connect calorie adjustment,Cardio,86.0,1,,,,5063,
2025-01-02,"""Strength training (weight lifting, weight training)""",Cardio,570.0,55,,,,,
2025-01-02,Garmin Connect calorie adjustment,Cardio,52.0,1,,,,6128,
2025-01-03,"""Running (jogging), 5 mph (12 min mile)""",Cardio,200.0,22,,,,,
2025-01-03,Elliptical Trainer,Cardio,177.0,18,,,,,
2025-01-03,Garmin Connect calorie adjustment,Cardio,34.0,1,,,,4908,
2025-01-04,"""Strength training (weight lifting, weight training)""",Cardio,400.0,37,,,,,
2025-01-04,Garmin Connect calorie adjustment,Cardio,175.0,1,,,,5559,
2025-01-05,Garmin Connect calorie adjustment,Cardio,286.0,1,,,,7069,
2025-01-06,"""Strength training (weight lifting, weight training)""",Cardio,619.0,61,,,,,
2025-01-06,Garmin Connect calorie adjustment,Cardio,51.0,1,,,,6418,
2025-01-07,"""Strength training (weight lifting, weight training)""",Cardio,377.0,40,,,,,
2025-01-07,Garmin Connect calorie adjustment,Cardio,214.0,1,,,,8778,
2025-01-08,Garmin Connect calorie adjustment,Cardio,293.0,1,,,,11189,
2025-01-09,"""Strength training (weight lifting, weight training)""",Cardio,482.0,49,,,,,
2025-01-09,Garmin Connect calorie adjustment,Cardio,57.0,1,,,,7369,
2025-01-10,"""Bicycling, <10 mph, leisure (cycling, biking, bike riding)""",Cardio,105.0,19,,,,,
2025-01-10,"""Bicycling, <10 mph, leisure (cycling, biking, bike riding)""",Cardio,96.0,13,,,,,
2025-01-10,"""Strength training (weight lifting, weight training)""",Cardio,346.0,34,,,,,
2025-01-10,Garmin Connect calorie adjustment,Cardio,222.0,1,,,,7738,
2025-01-11,"""Bicycling, <10 mph, leisure (cycling, biking, bike riding)""",Cardio,84.0,14,,,,,
2025-01-11,"""Bicycling, <10 mph, leisure (cycling, biking, bike riding)""",Cardio,96.0,9,,,,,
2025-01-11,Garmin Connect calorie adjustment,Cardio,256.0,1,,,,8232,
2025-01-12,Garmin Connect calorie adjustment,Cardio,140.0,1,,,,5392,
2025-01-13,"""Strength training (weight lifting, weight training)""",Cardio,655.0,62,,,,,
2025-01-13,Garmin Connect calorie adjustment,Cardio,368.0,1,,,,11401,
2025-01-14,"""Strength training (weight lifting, weight training)""",Cardio,275.0,35,,,,,
2025-01-14,Garmin Connect calorie adjustment,Cardio,89.0,1,,,,5827,
2025-01-15,"""Strength training (weight lifting, weight training)""",Cardio,277.0,26,,,,,
2025-01-15,Garmin Connect calorie adjustment,Cardio,202.0,1,,,,8239,
2025-01-16,"""Bicycling, <10 mph, leisure (cycling, biking, bike riding)""",Cardio,166.0,18,,,,,
2025-01-16,Elliptical Trainer,Cardio,278.0,28,,,,,
2025-01-16,Garmin Connect calorie adjustment,Cardio,454.0,1,,,,10711,
2025-01-17,"""Bicycling, <10 mph, leisure (cycling, biking, bike riding)""",Cardio,42.0,6,,,,,
2025-01-17,"""Bicycling, <10 mph, leisure (cycling, biking, bike riding)""",Cardio,96.0,15,,,,,
2025-01-17,"""Strength training (weight lifting, weight training)""",Cardio,385.0,36,,,,,
2025-01-17,Garmin Connect calorie adjustment,Cardio,275.0,1,,,,10818,
2025-01-18,"""Bicycling, <10 mph, leisure (cycling, biking, bike riding)""",Cardio,83.0,13,,,,,
2025-01-18,"""Bicycling, <10 mph, leisure (cycling, biking, bike riding)""",Cardio,150.0,12,,,,,
2025-01-18,Garmin Connect calorie adjustment,Cardio,103.0,1,,,,5595,
2025-01-19,Garmin Connect calorie adjustment,Cardio,466.0,1,,,,12475,
2025-01-20,"""Bicycling, <10 mph, leisure (cycling, biking, bike riding)""",Cardio,41.0,13,,,,,
2025-01-20,"""Strength training (weight lifting, weight training)""",Cardio,340.0,33,,,,,
2025-01-20,Garmin Connect calorie adjustment,Cardio,157.0,1,,,,6877,
2025-01-21,"""Strength training (weight lifting, weight training)""",Cardio,732.0,67,,,,,
2025-01-21,Garmin Connect calorie adjustment,Cardio,163.0,1,,,,9750,
2025-01-22,"""Strength training (weight lifting, weight training)""",Cardio,325.0,34,,,,,
2025-01-22,Garmin Connect calorie adjustment,Cardio,59.0,1,,,,5389,
2025-01-23,"""Bicycling, <10 mph, leisure (cycling, biking, bike riding)""",Cardio,135.0,15,,,,,
2025-01-23,"""Running (jogging), 5 mph (12 min mile)""",Cardio,182.0,17,,,,,
2025-01-23,Garmin Connect calorie adjustment,Cardio,440.0,1,,,,11666,
2025-01-24,"""Bicycling, <10 mph, leisure (cycling, biking, bike riding)""",Cardio,91.0,12,,,,,
2025-01-24,"""Strength training (weight lifting, weight training)""",Cardio,541.0,53,,,,,
2025-01-24,Garmin Connect calorie adjustment,Cardio,121.0,1,,,,7315,
2025-01-25,"""Bicycling, <10 mph, leisure (cycling, biking, bike riding)""",Cardio,155.0,25,,,,,
2025-01-25,"""Bicycling, <10 mph, leisure (cycling, biking, bike riding)""",Cardio,108.0,10,,,,,
2025-01-25,Garmin Connect calorie adjustment,Cardio,153.0,1,,,,7185,
2025-01-26,"""Bicycling, <10 mph, leisure (cycling, biking, bike riding)""",Cardio,107.0,14,,,,,
2025-01-26,"""Strength training (weight lifting, weight training)""",Cardio,655.0,65,,,,,
2025-01-26,Garmin Connect calorie adjustment,Cardio,28.0,1,,,,5251,
2025-01-27,"""Strength training (weight lifting, weight training)""",Cardio,673.0,71,,,,,
2025-01-27,Garmin Connect calorie adjustment,Cardio,1.0,1,,,,6799,
2025-01-28,"""Bicycling, <10 mph, leisure (cycling, biking, bike riding)""",Cardio,53.0,13,,,,,
2025-01-28,"""Strength training (weight lifting, weight training)""",Cardio,211.0,29,,,,,
2025-01-28,Garmin Connect calorie adjustment,Cardio,106.0,1,,,,9127,
2025-01-29,"""Strength training (weight lifting, weight training)""",Cardio,119.0,18,,,,,
2025-01-29,Elliptical Trainer,Cardio,75.0,8,,,,,
2025-01-29,Garmin Connect calorie adjustment,Cardio,483.0,1,,,,13369,
2025-01-30,Elliptical Trainer,Cardio,102.0,13,,,,,
2025-01-30,Garmin Connect calorie adjustment,Cardio,21.0,1,,,,5866,
2025-01-31,"""Bicycling, <10 mph, leisure (cycling, biking, bike riding)""",Cardio,54.0,12,,,,,
2025-01-31,"""Bicycling, <10 mph, leisure (cycling, biking, bike riding)""",Cardio,55.0,9,,,,,
2025-01-31,Garmin Connect calorie adjustment,Cardio,231.0,1,,,,8768,
2025-02-01,"""Bicycling, <10 mph, leisure (cycling, biking, bike riding)""",Cardio,58.0,9,,,,,
2025-02-01,Garmin Connect calorie adjustment,Cardio,324.0,1,,,,8354,
2025-02-02,"""Strength training (weight lifting, weight training)""",Cardio,566.0,54,,,,,
2025-02-02,Garmin Connect calorie adjustment,Cardio,105.0,1,,,,5912,
2025-02-03,"""Bicycling, <10 mph, leisure (cycling, biking, bike riding)""",Cardio,222.0,30,,,,,
2025-02-03,"""Bicycling, <10 mph, leisure (cycling, biking, bike riding)""",Cardio,354.0,35,,,,,
2025-02-03,"""Strength training (weight lifting, weight training)""",Cardio,364.0,50,,,,,
2025-02-03,Garmin Connect calorie adjustment,Cardio,188.0,1,,,,8830,
2025-02-04,"""Strength training (weight lifting, weight training)""",Cardio,231.0,26,,,,,
2025-02-04,Garmin Connect calorie adjustment,Cardio,77.0,1,,,,6105,
2025-02-05,Elliptical Trainer,Cardio,124.0,12,,,,,
2025-02-05,Garmin Connect calorie adjustment,Cardio,87.0,1,,,,5032,
2025-02-06,"""Bicycling, <10 mph, leisure (cycling, biking, bike riding)""",Cardio,185.0,16,,,,,
2025-02-06,"""Bicycling, <10 mph, leisure (cycling, biking, bike riding)""",Cardio,153.0,21,,,,,
2025-02-06,"""Strength training (weight lifting, weight training)""",Cardio,802.0,81,,,,,
2025-02-06,Garmin Connect calorie adjustment,Cardio,0.0,1,,,,7846,
2025-02-07,"""Bicycling, <10 mph, leisure (cycling, biking, bike riding)""",Cardio,82.0,11,,,,,
2025-02-07,"""Strength training (weight lifting, weight training)""",Cardio,504.0,53,,,,,
2025-02-07,Garmin Connect calorie adjustment,Cardio,220.0,1,,,,8835,
2025-02-08,"""Bicycling, <10 mph, leisure (cycling, biking, bike riding)""",Cardio,86.0,12,,,,,
2025-02-08,"""Bicycling, <10 mph, leisure (cycling, biking, bike riding)""",Cardio,48.0,8,,,,,
2025-02-08,Garmin Connect calorie adjustment,Cardio,325.0,1,,,,9927,
2025-02-09,"""Strength training (weight lifting, weight training)""",Cardio,116.0,23,,,,,
2025-02-09,Garmin Connect calorie adjustment,Cardio,98.0,1,,,,7302,
2025-02-10,"""Strength training (weight lifting, weight training)""",Cardio,331.0,41,,,,,
2025-02-10,Garmin Connect calorie adjustment,Cardio,457.0,1,,,,11023,
2025-02-11,"""Strength training (weight lifting, weight training)""",Cardio,377.0,46,,,,,
2025-02-11,Garmin Connect calorie adjustment,Cardio,244.0,1,,,,8037,
2025-02-12,"""Running (jogging), 5 mph (12 min mile)""",Cardio,209.0,21,,,,,
2025-02-12,Garmin Connect calorie adjustment,Cardio,160.0,1,,,,5760,
2025-02-13,"""Bicycling, <10 mph, leisure (cycling, biking, bike riding)""",Cardio,281.0,30,,,,,
2025-02-13,"""Bicycling, <10 mph, leisure (cycling, biking, bike riding)""",Cardio,167.0,25,,,,,
2025-02-13,"""Strength training (weight lifting, weight training)""",Cardio,786.0,72,,,,,
2025-02-13,Garmin Connect calorie adjustment,Cardio,80.0,1,,,,10850,
2025-02-14,"""Bicycling, <10 mph, leisure (cycling, biking, bike riding)""",Cardio,110.0,16,,,,,
2025-02-14,"""Bicycling, <10 mph, leisure (cycling, biking, bike riding)""",Cardio,59.0,10,,,,,
2025-02-14,"""Strength training (weight lifting, weight training)""",Cardio,373.0,41,,,,,
2025-02-14,Garmin Connect calorie adjustment,Cardio,0.0,1,,,,5834,
2025-02-15,"""Bicycling, <10 mph, leisure (cycling, biking, bike riding)""",Cardio,99.0,20,,,,,
2025-02-15,"""Bicycling, <10 mph, leisure (cycling, biking, bike riding)""",Cardio,58.0,10,,,,,
2025-02-15,Garmin Connect calorie adjustment,Cardio,153.0,1,,,,6973,
2025-02-16,"""Strength training (weight lifting, weight training)""",Cardio,595.0,65,,,,,
2025-02-16,Garmin Connect calorie adjustment,Cardio,83.0,1,,,,8035,
2025-02-17,"""Strength training (weight lifting, weight training)""",Cardio,488.0,53,,,,,
2025-02-17,Garmin Connect calorie adjustment,Cardio,133.0,1,,,,8347,
2025-02-18,Garmin Connect calorie adjustment,Cardio,0.0,1,,,,1743,
2025-02-19,"""Bicycling, <10 mph, leisure (cycling, biking, bike riding)""",Cardio,63.0,11,,,,,
2025-02-19,"""Strength training (weight lifting, weight training)""",Cardio,651.0,66,,,,,
2025-02-19,Garmin Connect calorie adjustment,Cardio,274.0,1,,,,11564,
2025-02-20,"""Bicycling, <10 mph, leisure (cycling, biking, bike riding)""",Cardio,332.0,52,,,,,
2025-02-20,"""Strength training (weight lifting, weight training)""",Cardio,417.0,47,,,,,
2025-02-20,Garmin Connect calorie adjustment,Cardio,146.0,1,,,,8442,
2025-02-21,"""Bicycling, <10 mph, leisure (cycling, biking, bike riding)""",Cardio,83.0,18,,,,,
2025-02-21,"""Bicycling, <10 mph, leisure (cycling, biking, bike riding)""",Cardio,64.0,12,,,,,
2025-02-21,"""Strength training (weight lifting, weight training)""",Cardio,426.0,46,,,,,
2025-02-21,Garmin Connect calorie adjustment,Cardio,158.0,1,,,,6465,
2025-02-22,"""Bicycling, <10 mph, leisure (cycling, biking, bike riding)""",Cardio,65.0,9,,,,,
2025-02-22,Garmin Connect calorie adjustment,Cardio,67.0,1,,,,1994,
